数据年月,贸易伙伴编码,贸易伙伴名称,商品编码,商品名称,人民币
202511,502,美国,106,其他活动物,1691899.0
202511,502,美国,202,冻牛肉,13503170.0
202511,502,美国,203,鲜、冷、冻猪肉,33693117.0
202511,502,美国,206,鲜、冷、冻牛、猪、绵羊、山羊、马、驴、骡的食用杂碎,332078447.0
202511,502,美国,207,品目0105所列家禽的鲜、冷、冻肉及食用杂碎,18138813.0
202511,502,美国,301,活鱼,58005.0
202511,502,美国,303,冻鱼，但品目03.04的鱼片及其他鱼肉除外,489767326.0
202511,502,美国,304,鲜、冷、冻鱼片及其他鱼肉（不论是否绞碎）,9602938.0
202511,502,美国,306,活、鲜、冷、冻、干、盐腌、盐渍、熏制的带壳或去壳甲壳动物；蒸过或用水煮过的带壳甲壳动物,293238163.0
202511,502,美国,307,活、鲜、冷、冻、干、盐腌、盐渍、熏制的带壳或去壳软体动物,105142641.0
202511,502,美国,308,不属于甲壳动物及软体动物的水生无脊椎动物，活、鲜、冷、冻、干、盐腌或盐渍、熏制的,692744.0
202511,502,美国,401,未浓缩及未加糖或其他甜物质的乳及稀奶油,11661.0
202511,502,美国,402,浓缩、加糖或其他甜物质的乳及稀奶油,64621.0
202511,502,美国,403,酸乳；酪乳、结块的乳及稀奶油、酸乳酒及其他发酵或酸化的乳和稀奶油，不论是否浓缩、加糖、加其他甜物质、加香料、加水果、加坚果或加可可,641994.0
202511,502,美国,404,乳清，不论是否浓缩、加糖或其他甜物质；其他品目未列名的含天然乳的产品，不论是否加糖或其他甜物质,153844911.0
202511,502,美国,405,黄油及其他从乳提取的脂和油；乳酱,615161.0
202511,502,美国,406,乳酪及凝乳,16526068.0
202511,502,美国,504,整个或切块的动物（鱼除外）的肠、膀胱及胃，鲜、冷、冻、干、熏、盐腌及盐渍的,144673472.0
202511,502,美国,505,带有羽毛或羽绒的鸟皮及鸟体其他部分；羽毛及不完整羽毛（不论是否修边）、羽绒，仅经洗涤、消毒或为了保藏而作过处理，但未经进一步加工；羽毛或不完整羽毛的粉末及废料,4377435.0
202511,502,美国,507,兽牙、龟壳、鲸须、鲸须毛、角、鹿角、蹄、甲、爪及喙，未经加工或仅简单整理但未切割成形；上述产品的粉末及废料,805509.0
202511,502,美国,508,珊瑚及类似品，未经加工或仅简单整理但未经进一步加工；软体动物壳、甲壳动物壳、棘皮动物壳、墨鱼骨，未经加工或仅简单整理但未切割成形，上述壳、骨的粉末及废料,188644.0
202511,502,美国,511,未列名的动物产品；不适合供人食用的第1或第3章的死动物,1700638.0
202511,502,美国,602,其他活植物（包括其根）、插枝及接穗；蘑菇菌丝,1588761.0
202511,502,美国,604,制花束或装饰用的不带花及花蕾的植物枝、叶或其他部分、草、苔藓及地衣，鲜、干、染色、漂白、浸渍或用其他方法处理的,654032.0
202511,502,美国,710,冷冻蔬菜（不论是否蒸煮）,7106578.0
202511,502,美国,713,脱荚的干豆，不论是否去皮或分瓣,50256620.0
202511,502,美国,802,鲜或干的其他坚果，不论是否去壳或去皮,111060283.0
202511,502,美国,806,鲜或干的葡萄,1521672.0
202511,502,美国,808,鲜的苹果、梨及???,3818488.0
202511,502,美国,809,鲜的杏、樱桃、桃（包括油桃）、李及黑刺李,4771514.0
202511,502,美国,813,品目0801至0806以外的干果；本章的什锦坚果或干果,433285.0
202511,502,美国,901,咖啡，不论是否焙炒或浸除咖啡碱；咖啡豆荚及咖啡豆皮；含咖啡的咖啡代用品,2562246.0
202511,502,美国,902,茶，不论是否加香料,32086.0
202511,502,美国,1001,小麦及混合麦,4501.0
202511,502,美国,1101,小麦或混合麦的细粉,168515.0
202511,502,美国,1102,其他谷物细粉，但小麦或混合麦的细粉除外,150438.0
202511,502,美国,1106,用品目0713的干豆或0714的西谷茎髓及植物根茎、块茎制成的细粉、粗粉及粉末；用第八章产品制成的细粉、粗粉及粉末,344273.0
202511,502,美国,1107,麦芽，不论是否焙制,116113.0
202511,502,美国,1108,淀粉；菊粉,46784.0
202511,502,美国,1202,未焙炒或未烹煮的花生，不论是否去壳或破碎,3543630.0
202511,502,美国,1204,亚麻子，不论是否破碎,10868.0
202511,502,美国,1206,葵花子，不论是否破碎,4704298.0
202511,502,美国,1209,种植用的种子、果实及孢子,26284636.0
202511,502,美国,1210,鲜或干的啤酒花，不论是否研磨或制成团粒；蛇麻腺,12820708.0
202511,502,美国,1211,主要用作香料、药料、杀虫、杀菌或类似用途的植物或这些植物的某部分（包括子仁及果实），鲜、冷、冻或干的，不论是否切割、压碎或研磨成粉,4403481.0
202511,502,美国,1214,芜菁甘蓝、饲料甜菜、饲料用根、干草、紫苜蓿、三叶草、驴喜豆、羽衣甘蓝、羽扇豆、巢菜及类似饲料，不论是否制成团粒,143328816.0
202511,502,美国,1301,虫胶；天然树胶、树脂、树胶脂及油树脂（例如，香树脂）,429154.0
202511,502,美国,1302,植物液汁及浸膏；果胶、果胶酸盐及果胶酸脂；从植物产品制得的琼脂、其他胶液及增稠剂，不论是否改性,3673472.0
202511,502,美国,1404,其他编码未列名的植物产品,32766.0
202511,502,美国,1504,鱼或海生哺乳动物的油、脂及其分离品，不论是否精制、但未经化学改性,16975608.0
202511,502,美国,1506,其他动物油、脂及其分离品，不论是否精制，但未经化学改性,8802423.0
202511,502,美国,1507,豆油及其分离品，不论是否精制，但未经化学改性,2748.0
202511,502,美国,1508,花生油及其分离品，不论是否精制，但未经化学改性,570322.0
202511,502,美国,1509,油橄榄油及其分离品，不论是否精制，但未经化学改性,23101.0
202511,502,美国,1510,其他橄榄油及其分离品，不论是否精制，但未经化学改性，包括掺有品目15.09的油或分离品的混合物,471.0
202511,502,美国,1512,葵花油、红花油、棉子油及其分离品，不论是否精制，但未经化学改性,5613.0
202511,502,美国,1513,椰子油、棕榈仁油或巴巴苏棕榈果油及其分离品，不论是否精制，但未经化学改性,37680.0
202511,502,美国,1514,菜子油或芥子油及其分离品，不论是否精制，但未经化学改性,5649.0
202511,502,美国,1515,其他固定植物或微生物油、脂（包括希蒙得木油）及其分离品，不论是否精制，但未经化学改性,18509114.0
202511,502,美国,1516,动、植物或微生物油、脂及其分离品，全部或部分氢化、相互酯化、再酯化或反油酸化，不论是否精制，但未经进一步加工,2788846.0
202511,502,美国,1517,人造黄油；本章各种动、植物或微生物油、脂及其分离品混合制成的食用油、脂或制品，但品目1516的食用油、脂及其分离品除外,11438134.0
202511,502,美国,1518,动、植物或微生物油、脂及其分离品，经过熟炼、氧化、脱水、硫化、吹制或在真空、惰性气体中加热聚合及用其他化学方法改性的，但品目15.16的产品除外；本章各种油、脂及其分离品混合制成的其他品目未列名的非食用油、脂或制品,3572131.0
202511,502,美国,1520,粗甘油；甘油水及甘油碱液,295517.0
202511,502,美国,1521,植物蜡（甘油三酸酯除外）、蜂蜡、其他虫蜡及鲸蜡，不论是否精炼或着色,21025.0
202511,502,美国,1602,其他方法制作或保藏的肉、食用杂碎或动物血或昆虫,140836982.0
202511,502,美国,1605,制作或保藏的甲壳动物、软体动物及其他水生无脊椎动物,1022783.0
202511,502,美国,1701,固体甘蔗糖、甜菜糖及化学纯蔗糖,3478593.0
202511,502,美国,1702,其他固体糖，包括化学纯乳糖、麦芽糖、葡萄糖及果糖；未加香料或着色剂的糖浆；人造蜜，不论是否掺有天然蜂蜜；焦糖,80644137.0
202511,502,美国,1704,不含可可的糖食（包括白巧克力）,52513590.0
202511,502,美国,1804,可可脂、可可油,604.0
202511,502,美国,1805,未加糖或其他甜物质的可可粉,62620.0
202511,502,美国,1806,巧克力及其他含可可的食品,28340059.0
202511,502,美国,1901,麦精；细粉、粗粒、粗粉、淀粉或麦精制的其他品目未列名的食品，不含可可或按重量计全脱脂可可含量低于40%；品目0401至0404所列货品制的其他品目未列名的食品，不含可可或按重量计全脱脂可可含量低于5%,15621838.0
202511,502,美国,1902,面食，不论是否煮熟、包馅（肉馅或其他馅）或其他方法制作，例如，通心粉、面条、汤团、馄饨、饺子、奶油面卷；古斯古斯面食，不论是否制作,48952.0
202511,502,美国,1904,谷物或谷物产品经膨化或烘炒制成的食品（例如，玉米片）；其他品目未列名的预煮或经其他方法制作的谷粒（玉米除外）、谷物片或经其他加工的谷粒（细粉、粗粒及粗粉除外）,1740657.0
202511,502,美国,1905,面包、糕点、饼干及其他焙烘糕饼，不论是否含可可；圣餐饼、装药空囊、封缄、糯米纸及类似制品,3250184.0
202511,502,美国,2001,蔬菜、水果、坚果及植物的其他食用部分，用醋或醋酸制作或保藏的,229974.0
202511,502,美国,2004,其他冷冻蔬菜，用醋或醋酸以外的其他方法制作或保藏的，品目2006的货物除外,8099497.0
202511,502,美国,2005,其他未冷冻蔬菜，用醋或醋酸以外的其他方法制作或保藏的，品目2006的货物除外,3766459.0
202511,502,美国,2006,糖渍蔬菜、水果、坚果、果皮及植物的其他部分（沥干、糖渍或裹糖的）,1086.0
202511,502,美国,2007,烹煮的果酱、果冻、柑桔酱、果泥及果膏，不论是否加糖或其他甜物质,250167.0
202511,502,美国,2008,用其他方法制作或保藏的其他品目未列名水果、坚果及植物的其他食用部分，不论是否加酒、加糖或其他甜物质,17284225.0
202511,502,美国,2009,未发酵及未加酒精的水果汁或坚果汁（包括酿酒葡萄汁及椰子水）、蔬菜汁，不论是否加糖或其他甜物质,7128899.0
202511,502,美国,2101,咖啡、茶、马黛茶的浓缩精汁及以其为基本成分或以咖啡、茶、马黛茶为基本成分的制品；烘焙菊苣和其他烘焙咖啡代用品及其浓缩汁,1548056.0
202511,502,美国,2102,酵母（活性或非活性）；已死的其他单细胞微生物（不包括品目3002的疫苗）；发酵粉,649743.0
202511,502,美国,2103,调味汁及其制品；混合调味品；芥子粉及其调制品,7953301.0
202511,502,美国,2104,汤料及其制品；均化混合食品,45860.0
202511,502,美国,2106,其他品目未列名的食品,810450433.0
202511,502,美国,2201,未加糖或其他甜物质及未加味的水，包括天然或人造矿泉水及汽水；冰及雪,11209.0
202511,502,美国,2202,加味、加糖或其他甜物质的水，包括矿泉水及汽水，其他无酒精饮料，但不包括品目20.09的水果汁、坚果汁或蔬菜汁,25093321.0
202511,502,美国,2203,麦芽酿造的啤酒,8625230.0
202511,502,美国,2204,鲜葡萄酿造的酒，包括加酒精的；品目2009以外的酿酒葡萄汁,9199180.0
202511,502,美国,2206,其他发酵饮料（例如，苹果酒、梨酒、蜂蜜酒、清酒）；其他品目未列名的发酵饮料的混合物及发酵饮料与无酒精饮料的混合物,78250.0
202511,502,美国,2207,未改性乙醇，按容量计酒精浓度≥80％；任何浓度的改性乙醇及其他酒精,183595.0
202511,502,美国,2208,未改性乙醇，按容量计酒精浓度＜80％；蒸馏酒、利口酒及其他酒精饮料,20997883.0
202511,502,美国,2209,醋及用醋酸制得的醋代用品,493987.0
202511,502,美国,2301,不适于供人食用的肉、杂碎、鱼、甲壳动物、软体动物或其他水生无脊椎动物的渣粉及团粒；油渣,174726081.0
202511,502,美国,2302,谷物或豆类植物在筛、碾或其他加工过程中产生的糠、麸及其他残渣，不论是否制成团粒,14810826.0
202511,502,美国,2304,提炼豆油所得的油渣饼及其他固体残渣，不论是否碾磨或制成团粒,1884150.0
202511,502,美国,2309,配制的动物饲料,140796476.0
202511,502,美国,2404,含烟草、再造烟草、尼古丁、或烟草或尼古丁代用品，非经燃烧吸用的产品；其他供人体摄入尼古丁的含尼古丁的产品,12704157.0
202511,502,美国,2501,盐（包括精制盐及变性盐）及纯氯化钠，不论是否为水溶液，也不论是否添加抗结块剂或松散剂；海水,3812597.0
202511,502,美国,2504,天然石墨,45103.0
202511,502,美国,2505,各种天然砂，不论是否着色，但第26章的含金属矿砂除外,4796059.0
202511,502,美国,2506,石英（天然砂除外）；石英岩，不论是否粗加修整或仅用锯或其他方法切割成矩形（包括正方形）的板、块,72974416.0
202511,502,美国,2507,高岭土及类似土，不论是否锻烧,25943947.0
202511,502,美国,2508,其他黏土（不包括品目6806的膨胀黏土）、红柱石、蓝晶石及硅线石，不论是否煅烧；富铝红柱石；火泥及第纳斯土,10797170.0
202511,502,美国,2511,天然硫酸钡（重晶石）；天然碳酸钡（毒重石），不论是否煅烧，但品目2816的氧化钡除外,59867.0
202511,502,美国,2512,硅质化石粗粉（例如各种硅藻土）及类似的硅质土，不论是否煅烧，其表观比重不超过1,1988232.0
202511,502,美国,2513,浮石；刚玉岩；天然刚玉砂；天然石榴石及其他天然磨料，不论是否热处理,468229.0
202511,502,美国,2515,大理石、石灰华及其他石灰质碑用或建筑用石，表观比重≥2.5，蜡石，不论是否粗加修整或仅用锯或其他方法切割成矩形（包括正方形）的板、块,92574.0
202511,502,美国,2516,花岗岩、斑岩、玄武岩、砂岩以及其他等碑用或建筑用石，不论是否粗加修整或仅用锯或其他方法切割成矩形（包括正方形）的板、块,2145911.0
202511,502,美国,2517,通常作混凝土粒料、铺路、铁道路基或其他路基的卵石、砾石及碎石，圆石子及燧石，不论是否热处理；矿渣、浮渣及类似的工业残渣，不论是否混有本品目第一部分所列的材料；沥青碎石，品名2515、2516所列各种石料的碎粒、碎屑及粉末，不论是否认处理,94852.0
202511,502,美国,2518,白云石，不论是否煅烧或烧结、粗加修整或仅用锯或其他方法切割成矩形（包括正方形）的板、块,19607.0
202511,502,美国,2519,天然碳酸镁（菱镁矿）；熔凝镁氧矿；烧结镁氧矿，不论烧结前是否加入少量的其他氧化物；其他氧化镁不论是否纯净,715775.0
202511,502,美国,2520,生石膏；硬石膏；熟石膏（由煅烧的生石膏或硫酸钙构成），不论是否着色，也不论是否带有少量促凝剂或缓凝剂,1009231.0
202511,502,美国,2521,石灰石助熔剂；通常用于制造石灰或水泥的石灰石及其他钙质石,77276.0
202511,502,美国,2522,生石灰、熟石灰及水硬石灰，但品目2825的氧化钙及氢氧化钙除外,40902.0
202511,502,美国,2523,硅酸盐水泥、矾土水泥、矿渣水泥、富硫酸盐水泥及类似的水凝水泥,104348.0
202511,502,美国,2525,云母，包括云母片；云母废料,90966.0
202511,502,美国,2526,天然冻石，不论是否粗加修整或仅用锯或其他方法切割成矩形（包括正方形）的板、块；滑石,861323.0
202511,502,美国,2528,天然硼酸盐及其精矿(不论是否煅烧)，但不包括从天然盐水析离的硼酸盐；天然粗硼酸，含硼酸干重不超过85％,3717.0
202511,502,美国,2530,其他品目未列名的矿产品,4471941.0
202511,502,美国,2607,铅矿砂及其精矿,69515445.0
202511,502,美国,2613,钼矿砂及其精矿,82920999.0
202511,502,美国,2615,铌、钽、钒或锆矿砂及其精矿,21403976.0
202511,502,美国,2616,贵金属矿砂及其精矿,2001.0
202511,502,美国,2621,其他矿渣及矿灰，包括海藻灰（海草灰）；焚化城市垃圾所产生的灰、渣,1017240.0
202511,502,美国,2701,煤；煤砖、煤球及用煤制成的类似固体燃料,53761.0
202511,502,美国,2704,煤、褐煤或泥煤制成的焦炭及半焦炭，不论是否制成型；甑炭,1065.0
202511,502,美国,2707,蒸馏高温煤焦油所得的油类及其他产品；芳族成分重量超过非芳族成分的类品,749927.0
202511,502,美国,2708,从煤焦油或其他矿物焦油所得的沥青及沥青焦,8646.0
202511,502,美国,2710,石油及从沥青矿物提取的油类，但原油除外；以上述油为基本成分(按重量计不低于70%)的其他品目未列名制品；废油,55647401.0
202511,502,美国,2711,石油气及其他烃类气,3141552506.0
202511,502,美国,2712,凡士林；石蜡、微晶石蜡、疏松石蜡、地蜡、褐煤蜡、泥煤蜡、其他矿物蜡及用合成或其他方法制得的类似产品，不论是否着色,6325695.0
202511,502,美国,2713,石油焦、石油沥青及其他石油或从沥青矿物提取的油类残渣,266706775.0
202511,502,美国,2714,天然沥青（地沥青）、沥青页岩、油页岩及焦油砂；沥青岩,109235.0
202511,502,美国,2715,以天然沥青（地沥青）、石油沥青、矿物焦油或矿物焦油沥青为基本成分的沥青混合物（例如，沥青胶粘剂、稀释沥青）,10580828.0
202511,502,美国,2801,氟、氯、溴及碘,1946261.0
202511,502,美国,2802,升华硫磺、沉淀硫磺；胶态硫磺,449216.0
202511,502,美国,2803,碳（碳黑及其他品目未列名的其他形态的碳）,21988793.0
202511,502,美国,2804,氢、稀有气体及其他非金属,38566443.0
202511,502,美国,2805,碱金属、碱土金属；稀土金属、钪及钇，不论是否相互混合或相互熔合；汞,59536.0
202511,502,美国,2806,氯化氢（盐酸）；氯磺酸,97053.0
202511,502,美国,2807,硫酸；发烟硫酸,1404.0
202511,502,美国,2808,硝酸；磺硝酸,69053.0
202511,502,美国,2809,五氧化二磷；磷酸；多磷酸，不论是否已有化学定义,217507.0
202511,502,美国,2810,硼的氧化物；硼酸,29620768.0
202511,502,美国,2811,其他无机酸及非金属无机氧化物,12256203.0
202511,502,美国,2812,非金属卤化物及卤氧化物,8114607.0
202511,502,美国,2813,非金属硫化物；商品三硫化二磷,1213.0
202511,502,美国,2814,氨及氨水,57884.0
202511,502,美国,2815,氢氧化钠（烧碱）；氢氧化钾（苛性钾）；过氧化钠及过氧化钾,1492012.0
202511,502,美国,2816,氢氧化及过氧化镁；锶或钡的氧化物、氢氧化物及过氧化物,3900.0
202511,502,美国,2817,氧化锌及过氧化锌,143479.0
202511,502,美国,2818,人造刚玉，不论是否已有化学定义；氧化铝；氢氧化铝,75068674.0
202511,502,美国,2819,铬的氧化物及氢氧化物,1044416.0
202511,502,美国,2820,锰的氧化物,655.0
202511,502,美国,2821,铁的氧化物及氢氧化物；土色料，按重量计三氧化二铁含量≥70%,1970942.0
202511,502,美国,2822,钴的氧化物及氢氧化物；商品氧化钴,488.0
202511,502,美国,2823,钛的氧化物,881457.0
202511,502,美国,2824,铅的氧化物；铅丹及铅橙,66699.0
202511,502,美国,2825,肼（联氨）、胲（羟胺）及其无机盐；其他无机碱；其他金属氧化物、氢氧化物及过氧化物,7472001.0
202511,502,美国,2826,氟化物；氟硅酸盐、氟铝酸盐及其他氟络盐,9417291.0
202511,502,美国,2827,氯化物、氯氧化物及氢氧基氯化物；溴化物及溴氧化物；碘化物及碘氧化物,8281917.0
202511,502,美国,2828,次氯酸盐；商品次氯酸钙；亚氯酸盐；次溴酸盐,121679.0
202511,502,美国,2829,氯酸盐及高氯酸盐；溴酸盐及过溴酸盐；碘酸盐及高碘酸盐,456337.0
202511,502,美国,2830,硫化物；多硫化物，不论是否已有化学定义,421014.0
202511,502,美国,2831,连二亚硫酸盐及次硫酸盐,64998.0
202511,502,美国,2832,亚硫酸盐；硫代硫酸盐,8054.0
202511,502,美国,2833,硫酸盐；矾；过硫酸盐,1879404.0
202511,502,美国,2834,亚硝酸盐；硝酸盐,1318494.0
202511,502,美国,2835,次磷酸盐、亚磷酸盐及磷酸盐；多磷酸盐，不论是否已有化学定义,6558751.0
202511,502,美国,2836,碳酸盐；过碳酸盐；含氨基甲酸铵的商品碳酸铵,436749.0
202511,502,美国,2837,氰化物、氧氰化物及氰络合物,18359.0
202511,502,美国,2839,硅酸盐；商品碱金属硅酸盐,1190932.0
202511,502,美国,2840,硼酸盐及过硼酸盐,65741018.0
202511,502,美国,2841,金属酸盐及过金属酸盐,611404.0
202511,502,美国,2842,其他无机酸盐及过氧酸盐（包括不论是否已有化学定义的硅铝酸盐），但叠氮化物除外,657512.0
202511,502,美国,2843,胶态贵金属；贵金属的无机或有机化合物，不论是否已有化学定义；贵金属汞齐,16399005.0
202511,502,美国,2844,放射性化学元素及放射性同位素（包括可裂变或可转换的化学元素及同位素）及其化合物；含上述产品的混合物及残渣,6594273.0
202511,502,美国,2845,品目28.44以外的同位素；这些同位素的无机或有机化合物，不论是否已有化学定义,214742519.0
202511,502,美国,2846,稀土金属、钇、钪及其混合物的无机或有机化合物,1385588.0
202511,502,美国,2847,过氧化氢，不论是否用尿素固化,1637394.0
202511,502,美国,2849,碳化物，不论是否已有化学定义,45420.0
202511,502,美国,2850,氢化物、氮化物、叠氮化物、硅化物及硼化物，不论是否已有化学定义，但可归入品目2849的碳化物除外,12766310.0
202511,502,美国,2852,汞的无机或有机化合物，不论是否已有化学定义，汞齐除外,2170.0
202511,502,美国,2853,磷化物，不论是否已有化学定义，但磷铁除外；其他无机化合物（包括蒸馏水、导电水及类似的纯净水）；液态空气（不论是否除去稀有气体）；压缩空气；汞齐，但贵金属汞齐除外,2526090.0
202511,502,美国,2901,无环烃,2064255698.0
202511,502,美国,2902,环烃,5594250.0
202511,502,美国,2903,烃的卤化衍生物,41419141.0
202511,502,美国,2904,烃的磺化、硝化或亚硝化衍生物，不论是否卤化,1344996.0
202511,502,美国,2905,无环醇及其卤化、磺化、硝化或亚硝化衍生物,208438144.0
202511,502,美国,2906,环醇及其卤化、磺化、硝化或亚硝化衍生物,1469684.0
202511,502,美国,2907,酚；酚醇,8284997.0
202511,502,美国,2908,酚及酚醇的卤化、磺化、硝化或亚硝化衍生物,2471814.0
202511,502,美国,2909,醚、醚醇、醚酚、醚醇酚、过氧化醇、过氧化醚、缩醛及半缩醛过氧化物、过氧化酮(不论是否已有化学定义）及其卤化、磺化、硝化或亚硝化衍生物,22565739.0
202511,502,美国,2910,三节环环氧化物、环氧醇、环氧酚、环氧醚及其卤化、磺化、硝化或亚硝化衍生物,3059858.0
202511,502,美国,2911,缩醛及半缩醛，不论是否含有其他含氧基，及其卤化、磺化、硝化或亚硝化衍生物,139.0
202511,502,美国,2912,醛，不论是否含有其他含氧基；环聚醛；多聚甲醛,9856626.0
202511,502,美国,2913,品目2912产品的卤化、磺化、硝化或亚硝化衍生物,3502.0
202511,502,美国,2914,酮及醌，不论是否含有其他含氧基，及其卤化、磺化、硝化或亚硝化衍生物,5470232.0
202511,502,美国,2915,饱和无环一元羧酸及其酸酐、酰卤化物、过氧化物和过氧酸以及它们的卤化、磺化、硝化或亚硝化衍生物,15336545.0
202511,502,美国,2916,不饱和无环一元羧酸、环一元羧酸及其酸酐、酰卤化物、过氧化物和过氧酸以及它们的卤化、磺化、硝化或亚硝化衍生物,5028467.0
202511,502,美国,2917,多元羧酸及其酸酐、酰卤化物、过氧化物和过氧酸以及它们的卤化、磺化、硝化或亚硝化衍生物,18652772.0
202511,502,美国,2918,含附加含氧基的羧酸及其酸酐、酰卤化物、过氧化物和过氧酸以及它们的卤化、磺化、硝化或亚硝化衍生物,2888563.0
202511,502,美国,2919,磷酸脂及其盐，包括乳磷酸盐，以及它们的卤化、磺化、硝化或亚硝化衍生物,1348985.0
202511,502,美国,2920,其他非金属无机酸酯（不包括卤化氢的酯）及其盐以及它们的卤化、磺化、硝化或亚硝化衍生物,4682114.0
202511,502,美国,2921,氨基化合物,18953838.0
202511,502,美国,2922,含氧基氨基化合物,11237838.0
202511,502,美国,2923,季铵盐及季铵碱；卵磷脂及其他磷氨基类脂,8258806.0
202511,502,美国,2924,羧基酰胺基化合物；碳酸酰胺基化合物,2608385.0
202511,502,美国,2925,羧基酰亚胺化合物（包括糖精及其盐）及亚胺基化合物,11949347.0
202511,502,美国,2926,腈基化合物,69270509.0
202511,502,美国,2927,重氮化合物、偶氮化合物及氧化偶氮化合物,80565.0
202511,502,美国,2928,肼（联氨）及胲（羟胺）的有机衍生物,2563016.0
202511,502,美国,2929,其他含氮基化合物,304327.0
202511,502,美国,2930,有机硫化合物,45109831.0
202511,502,美国,2931,其他有机?无机化合物,16095861.0
202511,502,美国,2932,仅含氧杂原子的杂环化合物,10047654.0
202511,502,美国,2933,仅含有氮杂原子的杂环化合物,119767144.0
202511,502,美国,2934,核酸及其盐，不论是否已有化学定义；其他杂环化合物,13183463.0
202511,502,美国,2935,磺（酰）胺,64279.0
202511,502,美国,2936,天然或合成再制的维生素原和维生素（包括天然浓缩物）及其主要用作维生素的衍生物，上述产品的混合物，不论是否溶于溶剂,9606324.0
202511,502,美国,2937,天然或合成再制的激素、前列腺素、血栓烷、白细胞三烯及其衍生物和结构类似物，包括主要用作激素的改性链多肽,101897.0
202511,502,美国,2938,天然或合成再制的苷（配糖物）及其盐、醚、酯和其他衍生物,3500765.0
202511,502,美国,2939,天然或合成再制的生物碱及其盐、醚、酯和其他衍生物,714586.0
202511,502,美国,2940,化学纯糖，但蔗糖、乳糖、麦芽糖、葡萄糖及果糖除外；糖醚、糖缩醛、糖酯及其盐，但不包括品目2937、2938及2939的产品,2654168.0
202511,502,美国,2941,抗菌素,13231826.0
202511,502,美国,2942,其他有机化合物,5526.0
202511,502,美国,3001,已干燥的器官疗法用腺体及其他器官，不论是否制成粉末；器官疗法用腺体、其他器官及其分泌物的提取物；肝素及其盐；其他供治疗或预防疾病用的其他品目未列名的人体或动物制品,2734645.0
202511,502,美国,3002,人血；治病、防病或诊断用的动物血制品；抗血清、其他血份及免疫制品，不论是否修饰或通过生物工艺加工制得；疫苗、毒素、培养微生物(不包括酵母）及类似产品；细胞培养物，不论是否修饰,1807430164.0
202511,502,美国,3004,环己醇、甲基环己醇及二甲基环己醇,1386461578.0
202511,502,美国,3005,软填料、纱布、绷带及类似物品（例如，敷料、橡皮膏、泥罨剂），经过药物浸涂或制成零售包装供医疗、外科、牙科或兽医用,28615486.0
202511,502,美国,3006,本章注释4 所规定的医药用品,110768407.0
202511,502,美国,3101,动物或植物肥料，不论是否相互混合或经化学处理；动物产品经混合或化学处理制成的肥料,5838.0
202511,502,美国,3102,矿物氮肥及化学氮肥,784412.0
202511,502,美国,3104,矿物钾肥及化学钾肥,845437.0
202511,502,美国,3105,含氮、磷、钾中二种或三种肥效元素的矿物肥料或化学肥料；其他肥料；制成片及类似形状或每件毛重不超过10千克的本章各项货品,6737581.0
202511,502,美国,3202,有机合成鞣料；无机鞣料；鞣料制剂，不论是否含有天然鞣料；预鞣用酶制剂,722589.0
202511,502,美国,3203,动植物质着色料（包括染料浸膏，但动物炭黑除外），不论是否已有化学定义；本章注释3所述的以动植物质着色料为基本成分的制品,270071.0
202511,502,美国,3204,有机合成着色料，不论是否已有化学定义；本章注释3所述的以有机合成着色料为基本成分的制品；用作荧光增白剂或发光体的有机合成产品，不论是否已有化学定义,17723153.0
202511,502,美国,3205,色淀；本章注释3所述的以色淀为基本成分的制品,4062480.0
202511,502,美国,3206,其他着色料；本章注释3所述的制品，但品目3203、3204及3205的货品除外；用作发光体的无机产品，不论是否已有化学定义,20372264.0
202511,502,美国,3207,陶瓷、搪瓷及玻璃工业用的调制颜料、遮光剂、着色剂、珐琅和釉料、釉底料（泥釉）、光瓷釉以及类似产品；搪瓷玻璃料及其他玻璃，呈粉、粒或粉片状,3008185.0
202511,502,美国,3208,以合成聚合物或化学改性天然聚合物为基本成分的油漆及清漆（包括瓷漆及大漆），分散于或溶于非水介质的；本章注释4所述的溶液,66072234.0
202511,502,美国,3209,以合成聚合物或化学改性天然聚合物为基本成分的油漆及清漆（包括瓷漆及大漆），分散于或溶于水介质的,11285696.0
202511,502,美国,3210,其他油漆及清漆（包括瓷漆、大漆及水浆涂料）；加工皮革用的水性颜料,2040792.0
202511,502,美国,3211,配制的催干剂,678197.0
202511,502,美国,3212,制造油漆（含瓷漆）用的颜料（包括金属粉末或金属料片），分散于非水介质中呈液状、浆状的；压印箔；零售形状及零售包装的染料或其他着色料,10089074.0
202511,502,美国,3213,艺术家、学生和广告美工用的颜料、调色料、文娱颜料及类似品，片状、管装、罐装、瓶装、扁盒装以及类似形状或包装,2321621.0
202511,502,美国,3214,安装玻璃用油灰、接缝用油灰、树脂胶泥、嵌缝胶济其他类似胶粘剂；漆工用填料；非耐火涂面制剂，涂门面、内墙、地板、天花板等用,19509457.0
202511,502,美国,3215,印刷油墨、书写或绘图墨水及其他墨类，不论是否固体或浓缩,15244892.0
202511,502,美国,3301,精油（无萜或含萜），包括浸膏及净油；香膏；提取的油树脂；用花香吸取法或浸渍法制成的含浓缩精油的脂肪、固定油、蜡及类似品；精油脱萜时所得的萜烯副产品；精油水馏液及水溶液,27703983.0
202511,502,美国,3302,工业原料用的混合香料以及以一种或多种香料为基本成分的混合物（包括酒精溶液）；生产饮料用的以香料为基本成分的其他制品,39938568.0
202511,502,美国,3303,香水及花露水,19462081.0
202511,502,美国,3304,美容品或化妆品及护肤品（药品除外），包括防晒油或晒黑油；指（趾）甲化妆品,495312866.0
202511,502,美国,3305,护发品,18901914.0
202511,502,美国,3306,口腔及牙齿清洁剂，包括假牙稳固剂及粉；清洁牙缝用的纱线（牙线），单独零售包装的,6642664.0
202511,502,美国,3307,剃须用制剂、人体除臭剂、泡澡用制剂、脱毛剂和其他品目未列名的芳香料制品及化妆盥洗品；室内除臭剂，不论是否加香水或消毒剂,43013343.0
202511,502,美国,3401,肥皂；作肥皂用的有机表面活性产品及制品，条状、块状或模制形状的，不论是否含有肥皂；洁肤用的有机表面活性产品及制品，液状或膏状冰制成零售包装的，不论是否含有肥皂；用肥皂或洗涤浸渍、涂面或包覆的纸、絮胎、毡呢及无纺织物,29305057.0
202511,502,美国,3402,有机表面活性剂（肥皂除外）；表面活性剂制品、洗涤剂（包括助洗剂）及清洁剂，不论是否含有肥皂，但品目3401的产品除外,117418110.0
202511,502,美国,3403,润滑剂（包括以润滑剂为基本成分的切削油制剂、螺栓或螺母松开剂、防锈或防腐蚀制剂及脱模剂）及用于纺织材料、皮料、毛皮或其他材料油脂处理的制剂，但不包括以石油或从沥青矿物提取的油料为基本成分（按重量计不低于70%）的制剂,139379231.0
202511,502,美国,3404,人造蜡及调制蜡,42210030.0
202511,502,美国,3405,鞋靴、家具、地板、车身、玻璃或金属用的光洁剂、擦洗膏、去污粉及类似制品（包括经这类制剂浸渍、涂面或包覆的纸、絮胎、毡呢、无纺织物、泡沫塑料或海绵橡胶），但不包括品目3404的蜡,43433267.0
202511,502,美国,3406,各种蜡烛及类似品,2229315.0
202511,502,美国,3407,塑型用膏，包括供儿童娱乐用的在内；通常为“牙科用蜡”或“牙科造型膏”的制品，成套、零售包装或制成片状、马蹄形、条状及类似形状的；以熟石膏（煅石膏或硫酸钙）为基本成分的牙科用其他制品,3005513.0
202511,502,美国,3501,酪蛋白、酪蛋白酸盐及其他酪蛋白衍生物；酪蛋白胶,2714755.0
202511,502,美国,3502,白蛋白（包括按重量计干质成分的乳清蛋白含量超过80%的两种或两种以上的乳清蛋白浓缩物）、白蛋白盐及其他白蛋白衍生物,45429918.0
202511,502,美国,3503,明胶（包括长方形、正方形明胶薄片，不论是否表面加工或着色）及其衍生物；鱼胶；其他动物胶，但不包括品目3501的酪蛋白胶,5042.0
202511,502,美国,3504,蛋白胨及其衍生物；其他品目未列名的蛋白质及其衍生物；皮粉，不论是否加入铬矾,9940518.0
202511,502,美国,3505,糊精及其他改性淀粉（例如，预凝化淀粉或酯化淀粉）；淀粉、糊精或其他改性淀粉为基本成分的胶,14524070.0
202511,502,美国,3506,其他品目未列名的调制胶及其他调制粘合剂；适于作胶或粘合剂用的产品，零售包装每件净重≤1kg,105912022.0
202511,502,美国,3507,酶；其他品目未列名的酶制品,44660888.0
202511,502,美国,3601,发射药,7748337.0
202511,502,美国,3603,安全导火索；导爆索；火帽或雷管；引爆器；电雷管,627213.0
202511,502,美国,3604,烟花、爆竹、信号弹、降雨火箭、浓雾信号弹及其他烟火制品,4010956.0
202511,502,美国,3701,未曝光的摄影感光硬片及平面软片，用纸、纸板及纺织物以外任何材料制成；未曝光的一次成像感光平面软片，不论是否分装,8692151.0
202511,502,美国,3702,成卷的未曝光摄影感光卷片，用纸、纸板及纺织物以外任何材料制成；成卷的未曝光一次成像感光胶片,125562193.0
202511,502,美国,3703,未曝光的摄影感光纸、纸板及纺织物,7436.0
202511,502,美国,3704,已曝光未冲洗的摄影硬片、软片、纸、纸板及纺织物,922.0
202511,502,美国,3705,已曝光已冲洗的摄影硬片及软片，但电影胶片除外,5966012.0
202511,502,美国,3707,摄影用化学制剂（不包括上光漆、胶水、粘合剂及类似制剂）；摄影用未混合产品，定量包装或零售包装可立即使用的,75996544.0
202511,502,美国,3801,人造石墨；胶态或半胶态石墨；以石墨或其他碳为基本成分的糊状、块状、板状制品或半制品,7774227.0
202511,502,美国,3802,活性碳；活性天然矿产品；动物炭黑，包括废动物炭黑,19513105.0
202511,502,美国,3803,妥尔油，不论是否精炼,3409894.0
202511,502,美国,3804,木桨残余碱液，不论是否浓缩、脱糖或经化学处理的，包括木素磺酸盐、但不包括品目3803的妥儿油,783789.0
202511,502,美国,3806,松香和树脂酸及衍生物；松香精及松香油；再熔胶,4156937.0
202511,502,美国,3807,木焦油；精制木焦油；木杂酚油；粗木精；植物沥青；以松香、树脂酸或植物沥青为基本成分的啤酒桶沥青及类似制品,611309.0
202511,502,美国,3808,杀虫剂、杀鼠剂、杀菌剂、除草剂、抗萌剂、植物生长调节剂、消毒剂及类似产品，零售形状、零售包装或制成制剂及成品（例如，经琉璜处理的带子、杀虫灯芯、蜡烛及捕蝇纸）,42249038.0
202511,502,美国,3809,纺织、造纸、制革及类似工业用的其他品目未列名的整理剂、染料加速着色或固色助剂及其他产品和制剂（例如，休整剂及媒染剂）,7603958.0
202511,502,美国,3810,金属表面酸洗剂；焊接用的焊剂及其他辅助剂；金属及其他材料制成的焊粉或焊管；作焊条芯子或焊条涂料用的制品,10068965.0
202511,502,美国,3811,抗震剂、抗氧剂、防胶剂、粘度改良剂、防腐蚀制剂及其他配置添加剂，用于矿物油（包括汽油）或与矿物油同样用途的其他液体,149039949.0
202511,502,美国,3812,配制的橡胶促进剂；其他品目未列名的橡胶或塑料用复合增塑剂；橡胶或塑料用抗氧剂及其他复合稳定剂,15748028.0
202511,502,美国,3813,灭火器的装配药；已装药的灭火弹,1126509.0
202511,502,美国,3814,其他品目未列名的有机复合溶剂及稀释剂；除漆剂,3137010.0
202511,502,美国,3815,其他品目未列名的反应引发剂、反应促进剂、催化剂,161833141.0
202511,502,美国,3816,耐火的水泥、灰泥、混凝土及类似耐火混合制品，包括夯混白云石，但品目38.01的产品除外,3151034.0
202511,502,美国,3817,混合烷基苯及混合烷基萘，但品目2707及2902的货品除外,2537295.0
202511,502,美国,3818,经掺杂用于电子工业的化学元素，已切成圆片、薄片或类似形状；经掺杂用于电子工业的化合物,78923192.0
202511,502,美国,3819,闸用液压油及其他液压传动用液体，不含石油或从沥青矿物提取的油类，或者按重量计石油或从沥青矿物提取的油类含量＜70％,8920380.0
202511,502,美国,3820,防冻剂及解冻剂,1988468.0
202511,502,美国,3821,制成的供微生物（包括病毒及类似品）或植物、人体、动物细胞生长或维持用的培养基,43895604.0
202511,502,美国,3822,附于衬背上的诊断或实验用试剂及不论是否附于衬背上的诊断或实验用配制试剂，不论是否制成试剂盒形式，但品目30.06的货品除外；有证标准样品,738731417.0
202511,502,美国,3823,工业用单羧脂肪酸；精炼所得的酸性油；工业用脂肪醇,22919170.0
202511,502,美国,3824,铸模及铸芯用粘合剂；其他品目未列名的化学工业及其相关工业的化学产品及配制品（包括由天然产品混合组成的）,390698614.0
202511,502,美国,3826,生物柴油及其混合物，不含或含有按重量计低于70％的石油或从沥青矿物提取的油类,1490.0
202511,502,美国,3901,初级形状的乙烯聚合物,1132465249.0
202511,502,美国,3902,初级形状的丙烯或其他烯烃聚合物,102184894.0
202511,502,美国,3903,初级形状的苯乙烯聚合物,41943185.0
202511,502,美国,3904,初级形状的氯乙烯或其他卤化烯烃聚合物,95618292.0
202511,502,美国,3905,初级形状的乙酸乙烯酯或其他乙烯酯聚合物；初级形状的其他乙烯基聚合物,22775571.0
202511,502,美国,3906,初级形状的丙烯酸聚合物,57424448.0
202511,502,美国,3907,初级形状的聚缩醛、其他聚醚及环氧树脂；初级形状的聚碳酸酯、醇酸树脂、聚烯丙基酯及其他聚酯,439181457.0
202511,502,美国,3908,初级形状的聚酰胺,105043760.0
202511,502,美国,3909,初级形状的氨基树脂、酚醛树脂及聚氨酯,48446451.0
202511,502,美国,3910,初级形状的聚硅氧烷,65923432.0
202511,502,美国,3911,初级形状的石油树脂、苯并呋喃-茚树脂、多萜树脂、多硫化物、聚砜及本章注释3所规定的其他品目未列名产品,52148473.0
202511,502,美国,3912,初级形状的其他品目未列名的纤维素及其化学衍生物,206900017.0
202511,502,美国,3913,初级形状的其他品目未列名的天然聚合物（例如藻酸）及改性天然聚合物（例如，硬化蛋白、天然橡胶的化学衍生物）,5153527.0
202511,502,美国,3914,初级形状的离子交换剂，以品目3901至3913的聚合物为基本成分的,13989765.0
202511,502,美国,3916,塑料单丝（截面直径＞1mm）、条、杆、型材及异型材，不论是否经表面加工，但未经其他加工,28308985.0
202511,502,美国,3917,塑料制的管子及其附件（例如，接头、肘管、法兰）,109935329.0
202511,502,美国,3918,块状或成卷的塑料铺地制品，不论是否胶粘；本章注释9所规定的塑料糊墙品,8732869.0
202511,502,美国,3919,自粘的塑料板、片、膜、箔、带、扁条及其他扁平形状材料，不论是否成卷,97373355.0
202511,502,美国,3920,其他非泡沫塑料的板、片、膜、箔及扁条，为用其他材料强化、层压、支撑或用类似方法合制,327183688.0
202511,502,美国,3921,其他塑料板、片、膜、箔、扁条,68373978.0
202511,502,美国,3922,塑料浴缸、淋浴盘、洗涤槽、盥洗盆、坐浴盆、便盆、马桶座圈及盖、抽水箱及类似卫生浴具,448312.0
202511,502,美国,3923,供运输或包装货物用的塑料制品；塑料制的塞子、盖子及类似品,42023823.0
202511,502,美国,3924,塑料制的餐具、厨房用具、其他家庭用具及卫生或盥洗用具,2325845.0
202511,502,美国,3925,其他品目未列名的建筑用塑料制品,6414586.0
202511,502,美国,3926,其他塑料制品及品目3901至3914所列其他材料的制品,331015362.0
202511,502,美国,4001,天然橡胶、巴拉塔胶、古塔波胶、银胶菊胶、糖胶树胶及类似的天然树胶，初级形状或板、片、带,1736.0
202511,502,美国,4002,合成橡胶及从油类提取的油膏，初级形状或板、片、带；品目4001所列产品与本品目所列产品的混合物，初级形状或板、片、带,50211067.0
202511,502,美国,4003,再生橡胶，初级形状或板、片、带,103574.0
202511,502,美国,4005,未硫化的复合橡胶，初级形状或板、片、带,20357344.0
202511,502,美国,4006,其他形状（例如，杆、管或型材及异型材）的未硫化橡胶及未硫化橡胶制品（例如，盘、环）,2496265.0
202511,502,美国,4007,硫化橡胶线及绳,18797.0
202511,502,美国,4008,硫化橡胶（硬质橡胶除外）制的板、片、带、杆或型材及异型材,9583223.0
202511,502,美国,4009,硫化橡胶（硬质橡胶除外）制的管子，不论是否装有附件（例如，接头、肘管、法兰）,25398138.0
202511,502,美国,4010,硫化橡胶制的输送带或传动带及带料,5022272.0
202511,502,美国,4011,新的充气橡胶轮胎,43824119.0
202511,502,美国,4012,翻新的或旧的充气橡胶轮胎；实心或半实心橡胶轮胎、橡胶胎面及橡胶轮胎衬带,1513497.0
202511,502,美国,4013,橡胶内胎,10696.0
202511,502,美国,4014,硫化橡胶（硬质橡胶除外）制的卫生及医疗用品（包括奶嘴），不论是否装有硬质橡胶制的附件,5286.0
202511,502,美国,4015,硫化橡胶（硬质橡胶除外）制的衣着用品及附件（包括分指手套、连指手套及露指手套）,4740365.0
202511,502,美国,4016,硫化橡胶（硬质橡胶除外）的其他制品,134665057.0
202511,502,美国,4017,各种形状的硬质橡胶（例如、纯硬质胶），包括废料及碎料；硬质橡胶制品,1330207.0
202511,502,美国,4101,生牛皮（包括水牛皮）、生马科动物皮（鲜的、盐腌的、干的、石灰浸渍的、浸酸的或以其他方法保藏、但未鞣制、未经羊皮纸化处理或进一步加工的），不论是否去毛或刨层,147535360.0
202511,502,美国,4102,绵羊或羔羊生皮（鲜的、盐腌的、干的、石灰浸渍的、浸酸的或以其他方法保藏、但未鞣制、未经羊皮纸化处理或进一步加工的），不论是否去毛或刨层，但本章注释1（3）所述不包括的生皮除外,604012.0
202511,502,美国,4103,其他生皮（鲜的、盐腌的、干的、石灰浸渍的、浸酸的或以其他方法保藏、但未鞣制、未经羊皮纸化处理或进一步加工的），不论是否去毛或刨层，但本章注释1（2）或（3）所述不包括的生皮除外,555921.0
202511,502,美国,4104,经鞣制的不带毛牛皮（包括水牛皮）、马科动物皮及其坯革，不论是否剖层，但未经进一步加工,7917246.0
202511,502,美国,4106,经鞣制的其他不带毛动物皮及其坯革，不论是否剖层，但未经进一步加工,22067.0
202511,502,美国,4107,经鞣制或半硝处理后进一步加工的牛皮革（包括水牛皮）及马科动物皮革，包括羊皮纸化处理的皮革，不论是否剖层，但品目4114的皮革除外,1448881.0
202511,502,美国,4112,经鞣制或半硝处理后进一步加工的不带毛的绵羊或羔羊皮革，包括羊皮纸化处理的，不论是否剖层，但品目4114的皮革除外,4152.0
202511,502,美国,4113,鞣制或半硝处理后进一步加工的不带毛的其他动物皮革，包括羊皮纸化处理的，不论是否剖层，但品目4114的皮革除外,161281.0
202511,502,美国,4115,以皮革或皮革纤维为基本成分的再生皮革、成块、成张或成条，不论是否成卷；皮革或再生皮革的边角废料，不适宜作皮革制品用；皮革粉末,207378.0
202511,502,美国,4201,各种材料制成的鞍具及挽具（包括缰绳、挽绳、护膝垫、口套、鞍褥、马褡裢、狗外套及类似品），适合各种动物用,47079.0
202511,502,美国,4202,衣箱、提箱、小手袋、公文箱、公文包、书包、眼镜盒、望远镜盒、照相机套、乐器盒、枪套及类似容器；旅行包、食品或饮料保温包、化妆包、帆布包、手提包、购物袋、钱夹、钱包、地图盒、烟盒、烟袋、工具包、运动包、瓶盒、首饰盒、粉盒、刀叉餐具盒及类似容器，用皮革或再生皮革、塑料片、纺织材料、钢纸或纸板制成，或者全部或主要用上述材料或纸包覆制成,21397567.0
202511,502,美国,4203,皮革或再生皮革制的衣服及衣着附件,1057680.0
202511,502,美国,4205,皮革或再生皮革的其他制品,1646150.0
202511,502,美国,4301,生毛皮（包括适合加工皮货用的头、尾、抓及其他块、片），但品目4101、4102或4103的生皮除外,910434.0
202511,502,美国,4302,未缝制或已缝制（不加其他材料）的已鞣毛皮（包括头、尾、爪及其他块、片），但品目4303的货品除外,1273309.0
202511,502,美国,4303,毛皮制的衣服、衣着附件及其他物品,160827.0
202511,502,美国,4401,薪柴（圆木段、块、枝、成捆或类似形状）；木片或木粒；锯末、木废料及碎片，不论是否粘结成圆木段、块、片或类似形状,2101.0
202511,502,美国,4407,经纵锯、纵切、刨切或旋切的木材，不论是否刨平、砂光或端部接合，厚度＞6mm,415098287.0
202511,502,美国,4408,饰面用单板（包括刨切积层木获得的单板）、制胶合板或类似多层板用单板以及其他经纵锯、刨切或旋切的木材，不论是否刨平、砂光、拼接或端部接合，厚≤6mm,1625204.0
202511,502,美国,4410,碎料板、定向刨花板（OSB）及类似板（例如，华夫板），木或其他木质材料制，不论是否用树脂或其他有机粘合剂粘合,34185.0
202511,502,美国,4411,木纤维板或其他木质材料纤维板，不论是否用树脂或其他有机粘合剂粘合,158088.0
202511,502,美国,4412,胶合板、单板饰面板及类似的多层板,25035.0
202511,502,美国,4413,强化木，成块、板、条或异型的,712.0
202511,502,美国,4414,木制的画框、相框、镜框及类似品,54489.0
202511,502,美国,4415,包装木箱、木盒、板条箱、圆桶及类似的包装容器；木制电缆卷筒；木托板、箱形托盘及其他装载用木板；木制的托盘护框,189327.0
202511,502,美国,4416,木制的大桶、琵琶桶、盆和其他箍桶及其零件，包括桶板,8007894.0
202511,502,美国,4417,木制的工具、工具支架、工具柄、扫帚及刷子的身和柄；木制鞋靴楦及楦头,43066.0
202511,502,美国,4418,建筑用木工制品，包括蜂窝结构木镶板、已装拼的地板、木瓦及盖屋板,915.0
202511,502,美国,4419,木制餐具及厨房用具,37313.0
202511,502,美国,4420,镶嵌木（包括细工镶嵌木）；装珠宝或刀具用的木制盒子和小匣子及类似品；木制小雕像及其他装饰品；第九十四章以外的木制家具,12907.0
202511,502,美国,4421,其他木制品,965711.0
202511,502,美国,4503,天然软木制品,7.0
202511,502,美国,4504,压制软木（不论是否使用粘合剂压成）及其制品,21703.0
202511,502,美国,4601,用编结材料编成的缏条及类似产品，不论是否缝合成宽条；平行连结或编结的成片编结材料、缏条或类似的编结材料产品，不论是否制成品（例如，席子、席料、帘子）,189.0
202511,502,美国,4602,用编结材料直接编成或用品目4601所列货品制成的篮筐、柳条编结品及其他制品；丝瓜络制品,1436.0
202511,502,美国,4702,化学木浆、溶解级,103348279.0
202511,502,美国,4703,烧碱木浆或硫酸盐木浆，但溶解级的除外,414015032.0
202511,502,美国,4706,从回收（废料）纸或纸板提取的纤维浆其他纤维状纤维素浆,150193.0
202511,502,美国,4801,成卷或成张的新闻纸,35552.0
202511,502,美国,4802,书写、印刷或类似用途的未经涂布的纸及纸板、未打孔的穿孔卡片纸及穿孔纸带纸、成卷或成张矩形（包括正方形），任何尺寸，但品目4801或4803的纸除外；手工制纸及纸板,1366280.0
202511,502,美国,4803,卫生纸、面巾纸、餐巾纸以及家庭或卫生用的类似纸、纤维素絮纸和纤维素纤维网纸，不论是否起纹、压花、打孔、染面、饰面或印花，成卷或成张的,4534748.0
202511,502,美国,4804,成卷或成张的其他未经涂布的牛皮纸及纸板，但不包括品目4802或4803的货品,92693526.0
202511,502,美国,4805,成卷或成张的其他未经涂布的纸及纸板，加工程度不超过本章注释3所列范围,13986175.0
202511,502,美国,4806,成卷或成张的植物羊皮纸、防油纸、描图纸、半透明纸及其他高光泽透明或半透明纸,1851094.0
202511,502,美国,4807,成卷或成张的复合纸及纸板（用粘合剂粘合各层纸或纸板制成），未经表面涂布或未浸渍，不论内层是否有加强材料,9803.0
202511,502,美国,4808,成卷成张的瓦楞纸及纸板（不论是否与平面纸胶合）、皱纹纸及纸板、压纹纸及纸板、穿孔纸及纸板，但品目4803的纸除外,9555273.0
202511,502,美国,4809,复写纸、自印复写纸及其他拷贝或转印纸（包括涂布或浸渍的油印蜡纸或胶印版纸），不论是否印制，成卷或成张的,106.0
202511,502,美国,4810,成卷或成张矩形（包括正方形）的任何尺寸的单面或双面涂布高岭土或其他无机物质（不论是否加粘合剂）的纸及纸板，但未涂布其他涂料，不论是否染面、饰面或印花,26970187.0
202511,502,美国,4811,成卷或成张矩形（包括正方形）的任何尺寸的经涂布、浸渍、覆盖、染面、饰面或印花的纸、纸板、纤维素絮纸及纤维素纤维网纸，但品目4803、4809或4810的货品除外,59763546.0
202511,502,美国,4812,纸浆制的滤块、滤板及滤片,46689.0
202511,502,美国,4814,壁纸及类似品；窗用透明纸,1061096.0
202511,502,美国,4816,复写纸、自印复写纸及其他拷贝或转印纸（不包括品目4809的纸），油印蜡纸或胶印版纸，不论是否盒装,82196.0
202511,502,美国,4817,纸或纸板制的信封、封缄信片、素色明信片及通信卡片；纸或纸板制的盒子、袋子及夹子，内装各种纸制文具,32144.0
202511,502,美国,4818,卫生纸及类似纸、家庭或卫生用纤维素絮纸及纤维素纤维网纸，成卷宽度不超过36厘米或切成一定尺寸或形状的；纸浆、纸、纤维素絮纸或纤维素纤维网纸制的手帕、面巾、台布、餐巾、床单及类似的家庭、卫生或医院用品、衣服及衣着附件,1273889.0
202511,502,美国,4819,纸、纸板、纤维素絮纸或纤维素纤维网纸制的箱、盒、匣、袋及其他包装容器；纸或纸板制的卷宗盒、信件盘及类似品，供办公室、商店及类似场所使用的,3182585.0
202511,502,美国,4820,纸或纸板制的登记本、帐本、笔记本、订货本、收据本、信笺本、记事本、日记本及类似品、练习本、吸墨纸本、活动封面（活页及非活页）、文件夹、卷宗皮、多联商业表格纸、页间夹有复写纸的本及其他文具用品；纸或纸板制的样品簿、粘贴簿及书籍封面,1240844.0
202511,502,美国,4821,纸或纸板制的各种标签，不论是否印制,11192925.0
202511,502,美国,4822,纸浆、纸或纸板（不论是否穿孔或硬化）制的筒管、卷轴、纡子及类似品,95433.0
202511,502,美国,4823,切成一定尺寸或形状的其他纸、纸板、纤维素絮纸及纤维素纤维网纸；纸浆、纸、纸板、纤维素絮纸及纤维素纤维网纸制的其他物品,6718555.0
202511,502,美国,4901,书籍、小册子、散页印刷品及类似印刷品，不论是否单张,10579133.0
202511,502,美国,4902,报纸、杂志及期刊，不论有无插图或广告材料,2824705.0
202511,502,美国,4903,儿童图画书、绘画或涂色书,31350.0
202511,502,美国,4904,乐谱原稿或印本，不论是否装订或印有插图,44949.0
202511,502,美国,4905,各种印刷的地图、水道图及类似图表，包括地图册、挂图、地形图及地球仪、天体仪,35890.0
202511,502,美国,4906,手绘的建筑、工程、工业、商业、地形或类似用途的设计图纸原稿；手稿；用感光纸照相复印或用复写纸誊写的上述物品复制件,635.0
202511,502,美国,4907,在承认或将承认其面值的国家流通或新发行并且未经使用的邮票、印花税票及类似票证；印有邮票或印花税票的纸品；钞票；空白支票；股票、债券及类似所有权凭证,31505327.0
202511,502,美国,4908,转印贴花纸（移画印花法用图案纸）,509177.0
202511,502,美国,4909,印刷或有图画明信片；印有个人问候、祝贺、通告的卡片，不论是否有图片、带信封或饰边,299829.0
202511,502,美国,4910,印刷的各种日历，包括日历芯,61632.0
202511,502,美国,4911,其他印刷品，包括印刷的图片及照片,81169385.0
202511,502,美国,5004,丝纱线（绢纺纱线除外），非供零售用,994.0
202511,502,美国,5007,丝或绢丝机织物,27008.0
202511,502,美国,5101,未梳的羊毛,10957959.0
202511,502,美国,5111,粗梳羊毛或粗梳动物细毛的机织物,14784.0
202511,502,美国,5112,精梳羊毛或精梳动物细毛的机织物,125370.0
202511,502,美国,5201,未梳的棉花,16721531.0
202511,502,美国,5204,棉制缝纫线，不论是否供零售用,5402.0
202511,502,美国,5205,棉纱线（缝纫线除外），按重量计含棉量≥85％，非供零售用,13583.0
202511,502,美国,5206,棉纱线（缝纫线除外），按重量计含棉量＜85％，非供零售用,238.0
202511,502,美国,5207,棉纱线（缝纫线除外），供零售用,345.0
202511,502,美国,5208,棉机织物，按重量计含棉量≥85％，每平方米重量≤200g,48006.0
202511,502,美国,5209,棉机织物，按重量计含棉量≥85％，每平方米重量＞200g,24194.0
202511,502,美国,5210,棉机织物，按重量计含棉量＜85％， 主要或仅与化学纤维混纺，每平方米重≤200g,12335.0
202511,502,美国,5211,棉机织物，按重量计含棉量＜85％， 主要或仅与化学纤维混纺，每平方米重＞200g,27259.0
202511,502,美国,5212,其他棉机织物,6183.0
202511,502,美国,5306,亚麻纱线,2588.0
202511,502,美国,5309,亚麻机织物,27256.0
202511,502,美国,5310,黄麻或品目5303的其他纺织韧皮纤维机织物,11520.0
202511,502,美国,5311,其他纺织用植物纤维机织物；纸纱线机织物,45224.0
202511,502,美国,5401,化学纤维长丝纺制的缝纫线，不论是否供零售用,496982.0
202511,502,美国,5402,合成纤维长丝纱线（缝纫线除外），非供零售用，包括细度＜67分特的合成纤维单丝,15405339.0
202511,502,美国,5403,人造纤维长丝纱线（缝纫线除外），非供零售用，包括习度＜67分特的人造纤维单丝,24354556.0
202511,502,美国,5404,截面尺寸≤1mm，细度≥67分特的合成纤维单丝；表观宽度≤5mm的合成纤维纺织材料制扁条及类似品（例如，人造草）,2195843.0
202511,502,美国,5406,化学纤维长丝纱线（缝纫线除外），供零售用,150763.0
202511,502,美国,5407,合成纤维长丝纱线的机织物，包括品目5404所列材料的机织物,4940317.0
202511,502,美国,5408,人造纤维长丝纱线的机织物，包括品目5405所列材料的机织物,37690.0
202511,502,美国,5501,合成纤维长丝丝束,351360.0
202511,502,美国,5503,合成纤维短纤，未梳或未经其他纺前加工,22069088.0
202511,502,美国,5506,合成纤维短纤，已梳或经其他纺前加工,3706.0
202511,502,美国,5508,化学纤维短纤纺制的缝纫线，不论是否供零售用,426.0
202511,502,美国,5509,合成纤维短纤纱线（缝纫线除外），非供零售用,1020306.0
202511,502,美国,5512,合成纤维短纤纺制的机织物，按重量计合成纤维短纤含量≥85%,23205061.0
202511,502,美国,5513,合成纤维短纤纺制的机织物，按重量计合成纤维短纤含量＜85%，主要或仅与棉混纺，每平方米重≤170g,10009.0
202511,502,美国,5514,合成纤维短纤纺制的机织物，按重量计合成纤维短纤含量＜85%，主要或仅与棉混纺，每平方米重＞170g,61295.0
202511,502,美国,5515,合成纤维短纤纺制的其他机织物,682080.0
202511,502,美国,5516,人造纤维短纤纺制的机织物,8207.0
202511,502,美国,5601,纺织材料絮胎及其制品；长度不超过５毫米的纺织纤维(纤维屑)、纤维粉末及球结,5123678.0
202511,502,美国,5602,毡呢，不论是否浸渍、涂布、包覆或层压,1115050.0
202511,502,美国,5603,无纺织物，不论是否浸渍、涂布、包覆或层压,42677039.0
202511,502,美国,5604,用纺织材料包覆的橡胶线及绳；用橡胶或塑料浸渍、涂布、包裹或套裹的纺织纱线及品目5404或5405的扁条及类似品,813138.0
202511,502,美国,5605,含金属纱线，不论是否螺旋花线，由纺织纱线或品目5404或5405的扁条及类似品与金属线、扁条或粉末混合制的或用金属包覆制得,171279.0
202511,502,美国,5606,粗松螺旋花线，品目5404或5405的扁条及类似品制的螺旋花线（品目5405的货品及马毛粗松螺旋花线除外）；绳绒线（包括植绒绳绒线）；纵行起圈纱线,196.0
202511,502,美国,5607,线、绳、索、缆，不论是否编织或编结而成，也不论是否用橡胶或塑料浸渍、涂布、包覆或套裹,4076370.0
202511,502,美国,5608,线、绳或索结制的网料；纺织材料制成的渔网及其他网,400763.0
202511,502,美国,5609,用纱线、品目5404或5405的扁条及类似品或线、绳、索、缆制成的其他品目未列名物品,595891.0
202511,502,美国,5701,结织栽绒地毯及纺织材料的其他结织栽绒铺地制品，不论是否制成的,4352.0
202511,502,美国,5702,机织地毯及纺织材料的其他机织铺地制品，未簇绒或未植绒，不论是否制成的，包括“开来姆”、“苏麦克”、“卡拉马尼”及类似的手织地毯,1006766.0
202511,502,美国,5703,簇绒地毯及纺织材料的其他簇绒铺地制品，不论是否制成的,169139.0
202511,502,美国,5705,其他地毯及纺织材料的其他铺地制品，不论是否制成的,741437.0
202511,502,美国,5801,起绒机织物及绳绒织物，但品目5802或5806的织物除外,1089768.0
202511,502,美国,5802,毛巾织物及类似的毛圈机织物，但品目5806的狭幅织物除外；簇绒织物，但品目5703的产品除外,1103.0
202511,502,美国,5804,网眼薄纱及其他网眼织物，但不包括机织物、针织物或钩编织物；成卷、成条或成小块图案的花边，但品目6002至6006的织物除外,147735.0
202511,502,美国,5806,狭幅机织物，但品目5807的货物除外；用粘合剂粘合制成的有经纱而无纬纱的狭幅织物（包扎匹头用带）,2883688.0
202511,502,美国,5807,非绣制的纺材料制标签、徽章及类似品，成匹、成条或裁成一定形状或尺寸,532614.0
202511,502,美国,5808,成匹的编带；非绣制的成匹装饰带，但针织或钩编的除外；流苏、绒球及类似品,45557.0
202511,502,美国,5810,成匹、成条或成小块图案的刺绣品,117561.0
202511,502,美国,5811,经绗缝或其他方法用一层或几层纺织材料与胎料组合制成的被褥状纺织品，但品目5810的刺绣品除外,213505.0
202511,502,美国,5901,用胶或淀粉物质涂布的纺织物，作书籍封面及类似用途的；描图布；制成的油画布；作帽里的硬衬布及类似硬挺纺织物,24385.0
202511,502,美国,5902,尼龙或其他聚酰胺、聚酯或粘胶纤维高强力纱制的帘子布,388.0
202511,502,美国,5903,用塑料浸渍、涂布、包覆或层压的纺织物，但品目5902的货品除外,3641204.0
202511,502,美国,5904,列诺伦（亚麻油地毡），不论是否剪切成形；以纺织物为底布经涂布或覆面的铺地制品，不论是否剪切成形,469.0
202511,502,美国,5905,糊墙织物,302372.0
202511,502,美国,5906,用橡胶处理的纺织物，但品目5902的货品除外,2148825.0
202511,502,美国,5907,用其他材料浸渍、涂布或包覆的纺织物；作舞台、摄影布景或类似用途的已绘制花布,3518920.0
202511,502,美国,5908,用纺织材料机织、编结或针织而成的灯芯、炉芯、打火机芯、短芯或类似品；煤气灯纱筒及纱罩，不论是否浸渍,1554189.0
202511,502,美国,5909,纺织材料制的水龙软管及类似的管子，不论有无其他材料作衬里、护套或附件,145527.0
202511,502,美国,5910,纺织材料制的传动带或输送带及带料，不论是否用塑料浸渍、涂布、包覆或层压，也不论是否用金属或其他材料加强,189874.0
202511,502,美国,5911,本章注释7所规定的作专门技术用途的纺织产品及制品,12726419.0
202511,502,美国,6001,针织或钩编的起绒织物，包括“长毛绒”织物及毛圈织物,2365644.0
202511,502,美国,6002,宽度≤30cm，按重量计弹性纱线或橡胶线含量≥5%的针织物或钩编织物，但品目6001的货品除外,9329.0
202511,502,美国,6003,宽度≤30cm，含弹性纱线或橡胶线＜5%的针织物或钩编织物，但品目6001或6002的货品除外,811286.0
202511,502,美国,6004,宽度＞30cm，按重量计弹性纱线或橡胶线含量≥5%的针织物或钩编织物，但品目6001的货品除外,840939.0
202511,502,美国,6005,经编织物（包括由花边针织机织成的），但品目6001至6004的货品除外,2945303.0
202511,502,美国,6006,其他针织物或钩编织物,441274.0
202511,502,美国,6101,针织或钩编的男式大衣、短大衣、斗篷、短斗篷、带风帽的防寒短上衣（包括滑雪短上衣）、防风衣、防风短上衣及类似品，但品目6103的货品除外,1155092.0
202511,502,美国,6102,针织或钩编的女式大衣、短大衣、斗篷、短斗篷、带风帽的防寒短上衣（包括滑雪短上衣）、防风衣、防风短上衣及类似品，但品目6104的货品除外,321410.0
202511,502,美国,6103,针或钩织的男式西服套装、便服套装、上衣、长裤、护胸背带工装裤、马裤及短裤（游泳裤除外）,1389422.0
202511,502,美国,6104,针或钩织的女式西服套装、便服套装、上衣、连衣裙、裙子、裙裤、长裤、护胸背带工装裤、马裤及短裤（游泳裤除外）,2536420.0
202511,502,美国,6105,针织或钩编的男衬衫,714424.0
202511,502,美国,6106,针织或钩编的女衬衫,1025193.0
202511,502,美国,6107,针织或钩编的男式内裤、三角裤、长睡衣、睡衣裤、浴衣、晨衣及类似品,85556.0
202511,502,美国,6108,针织或钩编的女式长衬裙、衬裙、三角裤、短衬裙、睡衣、睡衣裤、浴衣、晨衣及类似品,74783.0
202511,502,美国,6109,针织或钩编的Ｔ恤衫、汗衫及其他背心,1340378.0
202511,502,美国,6110,针织或钩编的套头衫、开襟衫、外穿背心及类似品,6450643.0
202511,502,美国,6111,针织或钩编的婴儿服装及衣着附件,28513.0
202511,502,美国,6112,针织或钩编的运动服、滑雪服及游泳服,62587.0
202511,502,美国,6113,用品目5903、5906或5907的针织物或钩编织物制成的服装,1336.0
202511,502,美国,6114,针织或钩编的其他服装,539651.0
202511,502,美国,6115,针织或钩编的连裤袜、紧身裤袜、长统袜、短袜及其他袜类，包括渐紧压袜类（例如用以治疗静脉曲张的长统袜）和无外绱鞋底的鞋类,644712.0
202511,502,美国,6116,针织或钩编的分指手套、连指手套及露指手套,613461.0
202511,502,美国,6117,其他制成的针织或钩编的衣着附件；服装或衣着附件的针织或钩编零件,741447.0
202511,502,美国,6201,男式大衣、短大衣、斗蓬、短斗篷、带风帽的防寒短上衣（包括滑雪短上衣）、防风衣、防风短上衣及类似品，但品目6203的货品除外,3006971.0
202511,502,美国,6202,女式大衣、短大衣、斗蓬、短斗篷、带风帽的防寒短上衣（包括滑雪短上衣）、防风衣、防风短上衣及类似品，但品目6204的货品除外,2524062.0
202511,502,美国,6203,男式西服套装、便服套装、上衣、长裤、护胸背带工装裤、马裤及短裤（游泳裤除外）,2050447.0
202511,502,美国,6204,女式西服套装、便服套装、上衣、连衣裙、裙子、裙裤、长裤、护胸背带工装裤、马裤及短裤（游泳裤除外）,2793325.0
202511,502,美国,6205,男衬衫,129654.0
202511,502,美国,6206,女衬衫,83653.0
202511,502,美国,6207,男式背心及其他内衣、内裤、三角裤、睡衣裤、浴衣、晨衣及类似品,160194.0
202511,502,美国,6208,女式背心及其他内衣、长衬裙、衬裙、三角裤、睡衣裤、浴衣、晨衣及类似品,33551.0
202511,502,美国,6209,婴儿服装及衣着附件,2603.0
202511,502,美国,6210,用品目5602、5603、5903、5906或5907的织物制成的服装,25343.0
202511,502,美国,6211,运动服、滑雪服及游泳服；其他服装,740168.0
202511,502,美国,6212,胸罩、腹带、紧身胸衣、吊裤带、吊袜带、束袜带和类似品及其零件，不论是否针织或钩编的,55492.0
202511,502,美国,6213,手帕,267.0
202511,502,美国,6214,披巾、头巾、围巾、披纱、面纱及类似品,443317.0
202511,502,美国,6215,领带及领结,7478.0
202511,502,美国,6216,分指手套、连指手套及露指手套,45700.0
202511,502,美国,6217,其他制成的衣着附件；服装或衣着附件的零件，但品目6212的货品除外,268949.0
202511,502,美国,6301,毯子及旅行毯,29678.0
202511,502,美国,6302,床上、餐桌、 盥洗及厨房用的织物制品,122693.0
202511,502,美国,6303,窗帘（包括帷帘）及帐幔；帘帷或床帷,1442465.0
202511,502,美国,6304,其他装饰用织物制品，但品目9404的货品除外,3692146.0
202511,502,美国,6305,货物包装用袋,733554.0
202511,502,美国,6306,油苫布、天蓬及遮阳蓬；帐蓬（包括临时顶篷及类似品）；风帆；野营用品,128613.0
202511,502,美国,6307,其他制成品，包括服装裁剪样,8406844.0
202511,502,美国,6308,由机织物及纱线构成的零售包装成套物品，不论是否带附件，用以制作小地毯、装饰毯、绣花台布、餐巾或类似纺织物品,554.0
202511,502,美国,6401,橡胶或塑料制外底及鞋面的防水鞋靴，其鞋面不是用缝、铆、钉、旋、塞或类似方法固定在鞋底上的,2211.0
202511,502,美国,6402,橡胶或塑料制外底及鞋面的其他鞋靴,1373982.0
202511,502,美国,6403,橡胶、塑料、皮革或再生革制外底，皮革制鞋面的鞋靴,25388029.0
202511,502,美国,6404,橡胶、塑料、皮革、或再生皮革制外底，用纺织材料制鞋面的鞋靴,1824459.0
202511,502,美国,6405,其他鞋靴,1504863.0
202511,502,美国,6406,鞋靴零件（包括鞋面，不论是否带有除外底以外的其他鞋底）；活动式鞋内底、跟垫及类似品；护腿、裹腿和类似品及其零件,21851684.0
202511,502,美国,6504,编结帽或用任何材料的条带拼制而成的帽类,1485.0
202511,502,美国,6505,针织或钩编的帽类，用成匹的花边、毡呢或其他纺织物（条带除外）制成的帽带，不论有无衬里或装饰物；任何材料制的发网，不论有无衬里或装饰物,1157398.0
202511,502,美国,6506,其他帽类，不论有无衬里或装饰物,1144808.0
202511,502,美国,6507,帽圈、帽衬、帽套、帽帮、帽骨架、帽舌及帽颏带,567.0
202511,502,美国,6601,雨伞及阳伞（包括手杖伞、庭园用伞及类似伞）,9212.0
202511,502,美国,6603,品目6601或6602所列物品的零件及装饰品,323604.0
202511,502,美国,6702,人造花、叶、果实及其零件；用人造花、叶或果实制成的物品,1772.0
202511,502,美国,6703,经梳理、稀疏、脱色或其他方法加工的人发；作假发及类似用品的羊毛、其他动物毛或其他纺织材料,2630463.0
202511,502,美国,6704,人发、动物毛或纺织材料制的假发、假胡须、假眉毛、假睫毛及类似品；其他品目未列名的人发制品,27344.0
202511,502,美国,6802,已加工碑石或建筑用石（不包括板岩）及其制品，但品目6801的货品除外；天然石料（包括板岩）制的镶嵌石（马赛克）及类似品，不论是否有衬背；天然石料（包括板岩）制的人工染色石料、石片及石粉,22311.0
202511,502,美国,6803,已加工的板岩及板岩或粘聚板岩的制品,489.0
202511,502,美国,6804,未装支架的石磨、石碾、砂轮和类似品及其零件，用于研磨、磨刃、抛光、整形或切割，以及手用磨石、抛光石及其零件，用天然石料、粘聚的天然磨料、人造磨料或陶瓷制成，不论是否装有由其他材料制成的零件,6283675.0
202511,502,美国,6805,砂布、砂纸及以其他材料为底的类似品，不论是否裁切、缝合或用其他方法加工成形,14526625.0
202511,502,美国,6806,矿质棉、岩石棉及类似的矿质棉；叶状蛭石、膨胀黏土、泡沫矿渣及类似的膨胀矿物材料；具有隔热、隔音或吸音性能地矿物材料的混合物及制品，但品目6811、6812或第69章的货品除外,5654903.0
202511,502,美国,6807,沥青或类似原料（例如，石油沥青或煤焦油沥青）制品,745971.0
202511,502,美国,6809,石膏制品及以石膏为基本成分的混合材料制品,102373.0
202511,502,美国,6810,水泥、混凝土或人造石制品，不论是否加强,275009.0
202511,502,美国,6811,石棉水泥、纤维素水泥或类似材料的制品,4195.0
202511,502,美国,6812,已加工石棉纤维；以石棉为基本成分或以石棉和碳酸镁为基本成分的混合物；上述混合物或石棉的制品（例如，纱线、机织物、服装、帽类、鞋靴、衬垫），不论是否加强，但品目6811或6813的货品除外,254582.0
202511,502,美国,6813,以石棉、其他矿物质或纤维素为基本成分的未装配摩擦材料及其制品（例如，片、卷、带、盘、圈、垫及扇形），适于作制动器、离合器及类似品，不论是否与织物或其他材料结合而成,9454669.0
202511,502,美国,6814,已加工的云母及其制品，包括粘聚或复制的云母，不论是否附于纸、纸板或其他材料上,234540.0
202511,502,美国,6815,其他品目未列名的石制品及其他矿物制品（包括碳纤维，碳纤维制品和泥煤制品）,98948195.0
202511,502,美国,6901,硅质化石粉（例如，各种硅藻土）或类似硅土制的砖、块、瓦及其他陶瓷制品,2264.0
202511,502,美国,6902,耐火砖、块、瓦及类似耐火陶瓷建材制品，但硅质化石粉及类似硅土制的除外,3507122.0
202511,502,美国,6903,其他耐火陶瓷制品（例如，甑、坩埚、马弗罩、喷管、拴塞、支架、烤体、管子、护套、棒条及滑阀式水口），但硅质化石粉及类似硅土制的除外,9712088.0
202511,502,美国,6904,陶瓷制建筑用砖、铺地砖、支撑或填充用砖及类似品,62354.0
202511,502,美国,6905,屋顶瓦、烟囱罩、通风帽、烟囱衬壁、建筑装饰及其他建筑用陶瓷制品,51615.0
202511,502,美国,6906,陶瓷套管、导管、槽管及管子配件,1823895.0
202511,502,美国,6907,陶瓷贴面砖、铺面砖，包括炉面砖及墙面砖；陶瓷镶嵌砖（马赛克）及其类似品，不论是否有衬背；饰面陶瓷,10331.0
202511,502,美国,6909,实验室、化学或其他技术用陶瓷器；农业用陶瓷槽、缸及类似容器；通常供运输及盛装货物用的陶瓷罐、坛及类似品,26831742.0
202511,502,美国,6910,陶瓷洗涤槽、脸盆、脸盆座、浴缸、坐浴盆、抽水马桶、水箱、小便池及类似的固定卫生设备,29232.0
202511,502,美国,6911,瓷餐具、厨房器具及其他家用或盥洗用瓷器,246234.0
202511,502,美国,6912,陶餐具、厨房器具及其他家用或盥洗用陶器,14182.0
202511,502,美国,6913,塑像及其他装饰用陶瓷制品,21132.0
202511,502,美国,6914,其他陶瓷制品,4487016.0
202511,502,美国,7001,碎玻璃及废玻璃，来源于阴极射线管或品目85.49的其他活化玻璃除外；玻璃块料,18605920.0
202511,502,美国,7002,未加工的玻璃球、棒及管（品目7018的微型玻璃球除外）,34115928.0
202511,502,美国,7003,铸制或轧制玻璃板、片或型材及异型材，不论是否有吸收、反射或非反射层，但未经其他加工,204509995.0
202511,502,美国,7004,拉制或吹制玻璃板、片，不论是否有吸收、反射或非反射层，但未经其他加工,4186.0
202511,502,美国,7005,浮法玻璃板、片及表面研磨或抛光玻璃板、片，不论是否有吸收、反射或非反射层，但未经其他加工,265810.0
202511,502,美国,7006,经弯曲、磨边、镂刻、钻孔、涂珐琅或其他加工的品目70.03、70.04或70.05的玻璃，但未用其他材料镶框或装配,116225.0
202511,502,美国,7007,钢化或层压玻璃制的安全玻璃,6132966.0
202511,502,美国,7008,多层隔温、隔音玻璃组件,819.0
202511,502,美国,7009,玻璃镜（包括后视镜），不论是否镶框,117052458.0
202511,502,美国,7010,玻璃制的坛、瓶、缸、罐、安瓿及其他容器，用于运输或盛装货物；玻璃制保藏罐；玻璃塞、盖及类似的封口器,1543242.0
202511,502,美国,7011,制灯泡和光源、阴极射线管及类似品用的未封口玻璃外壳（包括玻璃泡及管）及其玻璃零件，但未装有配件,394258.0
202511,502,美国,7013,玻璃器皿，供餐桌、厨房、盥洗室、办公室、室内装饰或类似用途（品目7010或7018的货品除外）,168884.0
202511,502,美国,7014,未经光学加工的信号玻璃器及玻璃制光学元件（品目7015的货品除外）,314600.0
202511,502,美国,7016,建筑用压制或模制的铺面用玻璃块、砖、片、瓦及其他制品，不论是否夹丝；供镶嵌或类似装饰用的玻璃马赛克及其他小件玻璃品，不论是否有衬背；花式铅条窗玻璃及类似品；多孔或泡沫玻璃块、板、片及类似品,6993.0
202511,502,美国,7017,实验室、卫生及配药用的玻璃器皿，不论有无刻度或标量,12463490.0
202511,502,美国,7018,玻璃珠、仿珍珠、仿宝石或仿半宝石和类似小件玻璃品及其制品，但仿首饰除外；玻璃眼，但医用假眼除外；灯工方法制作的玻璃塑像及其他玻璃装饰品，但仿首饰除外；直径≤的玻璃小珠,3312002.0
202511,502,美国,7019,玻璃纤维（包括玻璃棉）及其制品（例如，纱线、无捻粗纱及其织物）,41740653.0
202511,502,美国,7020,其他玻璃制品,18697346.0
202511,502,美国,7101,天然或养殖珍珠，不论是否加工或分级，但未成串或镶嵌；天然或养殖珍珠，为便于运输而暂穿成串,432.0
202511,502,美国,7102,钻石，不论是否加工，但未镶嵌,431639.0
202511,502,美国,7103,宝石（钻石除外）或半宝石，不论是否加工或分级，但未成串或镶嵌；未分级的宝石（钻石除外）或半宝石，为便于运输而暂穿成串,254051.0
202511,502,美国,7104,合成或再造宝石或半宝石，不论是否加工或分级，但未成串或镶嵌的；未分级的合成或再造宝石或半宝石，为便于运输而暂穿成串,8062998.0
202511,502,美国,7105,天然或合成的宝石或半宝石的粉末,162476.0
202511,502,美国,7106,银（包括镀金、镀铂的银），未锻造、半制成或粉末状,45943828.0
202511,502,美国,7107,以贱金属为底的包银材料,1366181.0
202511,502,美国,7108,金（包括镀铂的金），未锻造、半制成或粉末状,1365806.0
202511,502,美国,7110,铂，未锻造、半制成或粉末状,12284298.0
202511,502,美国,7113,贵金属或包贵金属制的首饰及其零件,115087672.0
202511,502,美国,7114,贵金属或包贵金属制的金银器及其零件,1839645.0
202511,502,美国,7115,贵金属或包贵金属的其他制品,47186644.0
202511,502,美国,7116,用天然或养殖珍珠、宝石或半宝石（天然、合成或再造）制成的物品,1374367.0
202511,502,美国,7117,仿首饰,1418319.0
202511,502,美国,7118,硬币,7400.0
202511,502,美国,7202,铁合金,1656738.0
202511,502,美国,7203,直接从铁矿还原所得的铁产品及其他海绵铁产品，块、团、团粒及类似形状；按重量计纯度≥99.94%的铁，块、团、团粒及类似形状,17171.0
202511,502,美国,7204,钢铁废料及碎料；供再熔的碎料钢铁锭,1398888.0
202511,502,美国,7205,生铁、镜铁及钢铁的颗粒和粉末,8035858.0
202511,502,美国,7206,铁及非合金钢，锭或其他初级形状（品目7203的铁除外）,1237.0
202511,502,美国,7208,宽度≥600mm的铁或非合金钢平板轧材，经热轧，但未经包覆、镀层或涂层,67231.0
202511,502,美国,7209,宽度≥600mm的铁或非合金钢平板轧材，经冷轧，但未经包覆、镀层或涂层,106556.0
202511,502,美国,7210,宽度≥600mm的铁或非合金钢平板轧材，经包覆、镀层或涂层,11738186.0
202511,502,美国,7211,宽度＜600mm的铁或非合金钢平板轧材，但未经包覆、镀层或涂层,305434.0
202511,502,美国,7212,宽度＜600mm的铁或非合金钢平板轧材，经包覆、镀层或涂层,6528259.0
202511,502,美国,7214,铁或非合金钢的其他条、杆，除锻造、热轧、热拉杆或热挤压外未经进一步加工，包括压制后扭曲的,58286.0
202511,502,美国,7215,铁及非合金钢的其他条、杆,551295.0
202511,502,美国,7216,铁或非合金钢的角材、型材及异型材,568474.0
202511,502,美国,7217,铁丝或非合金钢丝,139608.0
202511,502,美国,7218,不锈钢，锭状及其他初级形状；不锈钢半制品,1443181.0
202511,502,美国,7219,不锈钢平板轧材，宽度≥600mm,2703299.0
202511,502,美国,7220,不锈钢平板轧材，宽度＜600mm,10988021.0
202511,502,美国,7222,不锈钢其他条、杆；不锈钢角材、型材及异型材,40473129.0
202511,502,美国,7223,不锈钢丝,5335700.0
202511,502,美国,7224,其他合金钢，锭状或其他初级形状；其他合金钢制的半制成品,746306.0
202511,502,美国,7225,其他合金钢平板轧材，宽≥600mm,34908830.0
202511,502,美国,7226,其他合金钢平板轧材，宽＜600mm,5207844.0
202511,502,美国,7228,其他合金钢条、杆；其他合金钢角材、型材及异型材；合金钢或非合金钢制的空心钻钢,21788313.0
202511,502,美国,7229,其他合金钢丝,69486.0
202511,502,美国,7301,钢铁板桩，不论是否钻孔、打眼或组装；焊接的钢铁角材、型材及异型材,422372.0
202511,502,美国,7303,铸铁管及空心异型材,49491.0
202511,502,美国,7304,无缝钢铁管及空心异型材（铸铁的除外）,3409233.0
202511,502,美国,7305,其他圆形截面钢铁管（例如，焊、铆及用类似方法接合的管）， 外径≥406.4mm,565593.0
202511,502,美国,7306,其他钢铁管及空心异型材（例如，焊、铆及用类似方法接合的管）,3346601.0
202511,502,美国,7307,钢铁管子附件（例如， 接头、肘管、管套）,79186502.0
202511,502,美国,7308,钢铁结构体（品目9406的活动房屋除外）及其部件（例如，桥梁及桥梁体段、闸门、塔楼、格构杆、屋顶、屋顶框架、门窗及其框架、门槛、百叶窗、栏杆、支柱及立柱）；上述结构体用的已加工钢铁板、杆、角材、型材、异型材、管子及类似品,2191501.0
202511,502,美国,7309,盛装物料用的钢铁槽、罐、桶及类似容器（装压缩气体或液化气体的除外），容积＞300L，不论是否衬里或隔热，但无机械或热力装置,25135223.0
202511,502,美国,7310,盛装物料用的钢铁桶、罐、听、盒及类似容器（装压缩气体或液化气体的除外），容积≤300L，不论是否衬里或隔热，但无机械或热力装置,10880873.0
202511,502,美国,7311,装压缩气体或液化气体用的钢铁容器,9033724.0
202511,502,美国,7312,非绝缘的钢铁绞股线、绳、缆、编带、吊索及类似品,10128540.0
202511,502,美国,7314,钢铁丝制的布（包括环形带）、网、篱、格栅；网眼钢铁板,1279875.0
202511,502,美国,7315,钢铁链及其零件,5877826.0
202511,502,美国,7317,钢铁制钉、平头钉、图钉、波纹钉、U形钉（品目8305的货品除外）及类似品，不论钉头是否用其他材料制成，但不包括铜头钉,148682.0
202511,502,美国,7318,钢铁制的螺钉、螺栓、螺母、方头螺钉、钩头螺钉、铆钉、销、开尾销、垫圈（包括弹簧垫圈）及类似品,241863497.0
202511,502,美国,7319,钢铁制的手工缝针、编织针、引针、钩针、刺绣穿孔锥及类似制品；其他品目未列名的钢铁制安全别针及其他别针,295549.0
202511,502,美国,7320,钢铁制弹簧及弹簧片,30339227.0
202511,502,美国,7321,非电热的钢铁制家用炉、灶（包括附有集中供暖用的热水锅的炉）、烤肉架、烤炉、煤气灶、加热板和类似非电热的家用器具及其零件,735184.0
202511,502,美国,7322,非电热的钢铁制集中供暖用散热器及其零件；非电热的钢铁制空气加热器、暖气分布器（包括可分布新鲜空气或调节空气的）及其零件，装有电动风扇或鼓风机,1984824.0
202511,502,美国,7323,餐桌、厨房用或其他家用钢铁器具及其零件；钢铁丝绒；钢铁制擦锅器、洗刷擦光用的块垫、手套及类似品,618125.0
202511,502,美国,7324,钢铁制卫生器具及其零件,4268375.0
202511,502,美国,7325,其他钢铁铸造制品,4256225.0
202511,502,美国,7326,其他钢铁制品,170756197.0
202511,502,美国,7403,未锻轧的精炼铜及铜合金,640334.0
202511,502,美国,7404,铜废料及碎料,130492625.0
202511,502,美国,7406,铜粉及片状粉末,6489383.0
202511,502,美国,7407,铜条、杆、型材及异型材,8404283.0
202511,502,美国,7408,铜丝,1159546.0
202511,502,美国,7409,铜板、片及带，厚度＞0.15mm,6250245.0
202511,502,美国,7410,铜箔（不论是否印花或用纸、纸板、塑料或类似材料衬背），厚度（除衬背外）≤0.15mm,43383774.0
202511,502,美国,7411,铜管,919478.0
202511,502,美国,7412,铜制管子附件（例如， 接头、肘管、管套）,6958575.0
202511,502,美国,7413,非绝缘铜丝绞线、缆、编带及类似品,952443.0
202511,502,美国,7415,铜制或钢铁制带铜头的各种钉、平头钉、图钉、U形钉（品目8305的货品除外）及类似品；铜制螺钉、螺栓、螺母、钩头螺钉、铆钉、销、开尾销、垫圈（包括弹簧垫圈）及类似品,4905689.0
202511,502,美国,7418,餐桌、厨房或其他家用铜制器具及其零件；铜制擦锅器、洗刷擦光用的块垫、手套及类似品；铜制卫生器具及其零件,32908.0
202511,502,美国,7419,其他铜制品,16227589.0
202511,502,美国,7502,未锻轧镍,7025333.0
202511,502,美国,7504,镍粉及片状粉末,9898246.0
202511,502,美国,7505,镍条、杆、型材及异型材或丝,119252621.0
202511,502,美国,7506,镍板、片、带、箔,25037272.0
202511,502,美国,7507,镍管及管子附件（例如， 接头、肘管、管套）,22577022.0
202511,502,美国,7508,其他镍制品,59736822.0
202511,502,美国,7601,未锻轧铝,81003.0
202511,502,美国,7602,铝废料及碎料,138102054.0
202511,502,美国,7603,铝粉及片状粉末,2786931.0
202511,502,美国,7604,铝条、杆、型材及异型材,18051880.0
202511,502,美国,7605,铝丝,1295666.0
202511,502,美国,7606,铝板、片及带，厚度＞0.2mm,30991004.0
202511,502,美国,7607,铝箔（不论是否印花或用纸、纸板、塑料或类似材料衬背），厚度（衬背除外）≤0.2mm,4568695.0
202511,502,美国,7608,铝管,1632654.0
202511,502,美国,7609,铝制管子附件（例如， 接头、肘管、管套）,17404983.0
202511,502,美国,7610,铝制结构体（品目9406的活动房屋除外）及其部件（例如，桥梁及桥梁体段、塔、格构杆、屋顶、屋顶框架、门窗及其框架、门槛、栏杆、支柱及立柱）；上述结构体用的已加工铝板、杆、型材、异型材、管子及类似品,6730297.0
202511,502,美国,7611,盛装物料用的铝制槽、罐、桶及类似容器（装压缩气体或液化气体的除外），容积＞300L，不论是否衬里或隔热，但无机械或热力装置,8145.0
202511,502,美国,7612,盛装物料用的铝制桶、罐、听、盒及类似容器，包括软管容器及硬管容器（装压缩气体或液化气体的除外），容积≤300L，不论是否衬里或隔热，但无机械或热力装置,1425247.0
202511,502,美国,7613,装压缩气体或液化气体用的铝制容器,5930833.0
202511,502,美国,7614,非绝缘的铝制绞股线、缆、编带及类似品,8064.0
202511,502,美国,7615,餐桌、厨房用或其他家用铝制器具及其零件；铝制擦锅器、洗刷擦光用的块垫、手套及类似品；铝制卫生器具及其零件,267077.0
202511,502,美国,7616,其他铝制品,63608507.0
202511,502,美国,7801,未锻轧铅,170509.0
202511,502,美国,7804,铅板、片、带、箔；铅粉及片状粉末,182712.0
202511,502,美国,7806,其他铅制品,515873.0
202511,502,美国,7901,未锻轧锌,1877821.0
202511,502,美国,7905,锌板、片、带、箔,714.0
202511,502,美国,7907,其他锌制品,290584.0
202511,502,美国,8001,未锻轧锡,260355.0
202511,502,美国,8003,锡条、杆、型材及异型材或丝,199145.0
202511,502,美国,8007,其他锡制品,1432359.0
202511,502,美国,8101,钨及其制品，包括废料及碎料,3196063.0
202511,502,美国,8102,钼及其制品，包括废料及碎料,328211.0
202511,502,美国,8103,钽及其制品，包括废料及碎料,15824308.0
202511,502,美国,8104,镁及其制品，包括废料及碎料,93721.0
202511,502,美国,8105,钴锍及其他冶炼钴时所得的中间产品；钴及其制品，包括废料及碎料,15192891.0
202511,502,美国,8106,铋及其制品， 包括废料及碎料,120399.0
202511,502,美国,8108,钛及其制品，包括废料及碎料,174225040.0
202511,502,美国,8109,锆及其制品，包括废料及碎料,961343.0
202511,502,美国,8110,锑及其制品，包括废料及碎料,2056.0
202511,502,美国,8111,锰及其制品，包括废料及碎料,472196.0
202511,502,美国,8112,铍、铬、铪、铼、铊、镉、锗、钒、镓、铟、铌及其制品，包括废料及碎料,1421756.0
202511,502,美国,8113,金属陶瓷及其制品，包括废料及碎料,7689919.0
202511,502,美国,8201,锹、铲、镐、锄、叉及耙；斧子、钩刀及类似砍伐工具；各种修枝用剪刀；镰刀、秣刀、树篱剪、伐木楔子及其他农业、园艺或林业用手工工具,9541.0
202511,502,美国,8202,手工锯；各种锯的锯片（包括切条、切槽或无齿锯片）,8912588.0
202511,502,美国,8203,钢锉、木锉、钳子（包括剪钳）、镊子、白铁剪、切管器、螺栓切头器、打孔冲子及类似手工工具,838158.0
202511,502,美国,8204,手动扳手及扳钳（包括转矩扳手，但不包括丝锥扳手）；可互换的扳手套筒，不论是否带手柄,2308710.0
202511,502,美国,8205,其他处未列名的手工工具（包括玻璃刀）；喷灯；台钳、夹钳及类似品，但作为机床或水射流切割机附件或零件的除外；砧；轻便锻炉；带支架的手摇或脚踏砂轮,7786411.0
202511,502,美国,8206,由品目8202至8205中两个或两个以上品目的工具组成的零售包装成套货品,961426.0
202511,502,美国,8207,手工具（不论是否有动力装置）及机床（例如，锻压、冲压、攻丝、钻孔、镗孔、铰孔及铣削、车削或上螺丝用的机器）的可互换工具，包括金属拉拔或挤压用模以及凿岩或钻探工具,19888226.0
202511,502,美国,8208,机器或机械器具的刀及刀片,12976555.0
202511,502,美国,8209,未装配的工具用金属陶瓷板、杆、刀头及类似品,23703889.0
202511,502,美国,8210,用于加工或调制食品或饮料的手动机械器具，重量≤10kg,90990.0
202511,502,美国,8211,有刃口的刀及其刀片，不论是否有锯齿（包括整枝刀），但品目8208的刀除外,742433.0
202511,502,美国,8212,剃刀及其刀片（包括未分开的刀片条）,15855993.0
202511,502,美国,8213,剪刀、裁缝剪刀及类似品、剪刀片,5816.0
202511,502,美国,8214,其他利口器（例如，理发推子、屠刀、砍骨刀、切肉刀、切菜刀、裁纸刀）；修指甲或修脚用具（包括指甲锉）,41375.0
202511,502,美国,8215,餐匙、餐叉、长柄勺、漏勺、糕点夹、鱼刀、黄油刀、糖块夹及类似的厨房或餐桌用具,24420.0
202511,502,美国,8301,贱金属制的锁（钥匙锁、数码锁及电动锁）；贱金属制带锁的扣环及扣环框架；上述锁的贱金属制钥匙,15803212.0
202511,502,美国,8302,用于家具、门窗、楼梯、百叶窗、车厢、鞍具、衣箱、盒子及类似品的贱金属附件及架座；贱金属制帽架、帽钩、托架及类似品；用贱金属作支架的小脚轮；贱金属制的自动闭门器,30788961.0
202511,502,美国,8303,装甲或加强的贱金属制保险箱、保险柜及保险库的门和带锁保险储存橱、钱箱、契约箱及类似品,46635.0
202511,502,美国,8304,贱金属制的档案柜、卡片索引柜、文件盘、文件篮、笔盘、公章架及类似的办公用具，但品目9403的办公室家具除外,5463.0
202511,502,美国,8305,活页夹、卷宗夹的贱金属附件、贱金属制的信夹、信角、文件夹、索引标签及类似的办公用品；贱金属制的成条钉书针（例如，供办公室、室内装饰或包装用）,531.0
202511,502,美国,8306,非电动的贱金属铃、钟、锣及类似品；贱金属雕塑像及其他装饰品；贱金属相框或画框及类似框架；贱金属镜子,321108.0
202511,502,美国,8307,贱金属软管，不论是否有附件,11216066.0
202511,502,美国,8308,贱金属制的扣、钩、环、眼及类似品，用于衣着或衣着附件、鞋靴、珠宝首饰、手表、书籍、天篷、皮革制品、旅行用品、马具或其他制成品；贱金属制的管形铆钉及开口铆钉；贱金属制的珠子及亮晶片,7219657.0
202511,502,美国,8309,贱金属制的塞子、盖子（包括冠形瓶塞、螺口盖及倒水塞）、瓶帽、螺口塞、塞子帽、封志及其他包装用附件,4503412.0
202511,502,美国,8310,贱金属制的标志牌、铭牌、地名牌及类似品、号码、字母及类似标志，但品目9405的货品除外,3041820.0
202511,502,美国,8311,贱金属或硬质合金制的丝、条、管、板、电极及类似品，以焊剂涂面或以焊剂为芯，用于焊接或沉积金属、硬质合金；贱金属粉粘聚而成的丝或条，供金属喷镀用,10763786.0
202511,502,美国,8401,核反应堆；核反应堆的未辐照燃料元件（释热元件）；同位素分离机器及装置,57470249.0
202511,502,美国,8402,蒸汽锅炉（能产生低压水蒸气的集中供暖用的热水锅炉除外）；过热水锅炉,514061.0
202511,502,美国,8403,集中供暖用的热水锅炉，但品目8402的货品除外,737835.0
202511,502,美国,8404,品目8402或8403所列锅炉的辅助设备（例如，节热器、过热器、除灰器、气体回收器）；水蒸气或其他蒸汽动力装置的冷凝器,8056.0
202511,502,美国,8405,煤气发生器，不论有无净化器；乙炔发生器及类似水解气体发生器，不论有无净化器,4690883.0
202511,502,美国,8406,汽轮机,9581.0
202511,502,美国,8407,点燃往复式或旋转式活塞内燃发动机,39292927.0
202511,502,美国,8408,压燃式活塞内燃发动机（柴油或半柴油发动机）,125048134.0
202511,502,美国,8409,专用于或主要用于品目8407或8408所列发动机的零件,95515801.0
202511,502,美国,8411,涡轮喷气发动机，涡轮螺桨发动机及其他燃气轮机,4377502289.0
202511,502,美国,8412,其他发动机及动力装置,116595203.0
202511,502,美国,8413,液体泵，不论是否装有计量装置；液体提升机,311718331.0
202511,502,美国,8414,空气泵或真空泵、空气及其他气体压缩机、风机、风扇；装有风扇的通风罩或循环气罩，不论是否装有过滤器；气密生物安全柜，不论是否装有过滤器,503261550.0
202511,502,美国,8415,空气调节器，装有电扇及调温、调湿装置，包括不能单独调湿的空调器,28448053.0
202511,502,美国,8416,使用液体燃料、粉状固体燃料或气体燃料的炉用燃料器；机械加煤机，包括其机械炉箅、机械除灰器及类似装置,16368544.0
202511,502,美国,8417,非电热工业或实验室用炉及烘箱，包括焚烧炉,10276206.0
202511,502,美国,8418,电气或非电气的冷藏箱、冷冻箱及其他制冷设备；热泵，但品目8415的空气调节器除外,46087336.0
202511,502,美国,8419,利用温度变化处理材料的机器、装置及类似的实验室设备，例如，加热、烹煮、烘炒、蒸馏、精馏、消毒、灭菌、汽蒸、干燥、蒸发、气化、冷凝、冷却的机器设备，不论是否电热除外；非电热的快速热水器或贮备式热水器,167075845.0
202511,502,美国,8420,砑光机或其他滚压机器及其滚筒，但加工金属或玻璃的除外,2776220.0
202511,502,美国,8421,离心机，包括离心干燥剂；液体或气体的过滤、净化机器及装置,449277836.0
202511,502,美国,8422,洗碟机；瓶子及其他容器的洗涤或干燥机器；瓶、罐、箱、袋或其他容器装填、封口、密封、贴标签的机器；瓶、罐、管、筒或类似容器的包封机器；其他包装或打包机器（包括热缩包装机器）；饮料充气机,9428374.0
202511,502,美国,8423,衡器（感量≤50mg的天平除外），包括计数或检验用的衡器；衡器用的各种砝码砝码、秤砣,313275.0
202511,502,美国,8424,液体或粉末的喷射、散布或喷雾的机械器具（不论是否手工操作）；灭火器，不论是否装药；喷枪及类似器具；喷汽机、喷砂机及类似的喷射机器,71068705.0
202511,502,美国,8425,滑车及提升机，但倒卸式提升机除外；卷扬机及绞盘；千斤顶,2773762.0
202511,502,美国,8427,叉车；其他装有升降或搬运装置的工作车,10154723.0
202511,502,美国,8428,其他升降、搬运、装卸机械（例如，升降机、自动梯、输送机、缆车）,77208803.0
202511,502,美国,8429,机动推土机、侧铲推土机、筑路机、平地机、铲运机、机械铲、挖掘机、机铲装载机、捣固机械及压路机,4514269.0
202511,502,美国,8430,泥土、矿物或矿石的运送、平整、铲运、挖掘、捣固、压实、开采或钻探机械；打桩机及拔桩机；扫雪机及吹雪机,105805.0
202511,502,美国,8431,专用于或主要用于品目8425至8430所列机械的零件,42933684.0
202511,502,美国,8432,农业、园林及林业用整地或耕作机械；草坪及运动场地滚压机,572567.0
202511,502,美国,8433,收割机、脱粒机，包括草料打包机；割草机；蛋类、水果或其他农产品的清洁、分选、分级机器，但品目8437的机器除外,105490321.0
202511,502,美国,8434,挤奶机及乳品加工机器,836351.0
202511,502,美国,8435,制酒、制果汁或制类似饮料用的压榨机、轧碎机及类似机器,190447.0
202511,502,美国,8436,农业、园艺、林业、家禽饲养业或养蜂业用的其他机器，包括装有机械或热力装置的催芽设备；家禽孵卵器及育雏器,257719.0
202511,502,美国,8437,种子、谷物或干豆的清洁、分选或分级机器；谷物磨粉业加工机器或谷物、干豆加工机器，但农业用机器除外,217344.0
202511,502,美国,8438,本章其他品目未列名的食品、饮料工业用的生产或加工机器，但提取、加工动物油脂、植物固定油脂或微生物油脂的机器除外,10619322.0
202511,502,美国,8439,纤维素纸浆、纸及纸板的制造或整理机器,7983014.0
202511,502,美国,8441,其他制造纸浆制品、纸制品或纸板制品的机器，包括各种切纸机,447407.0
202511,502,美国,8442,制印刷版（片）、滚筒及其他印刷部件用的机器、器具及设备（品目84.56至84.65的机器除外）；印刷用版（片）、滚筒及其他印刷部件；制成供印刷用（例如，刨平、压纹或抛光）的板（片）、滚筒及石板,258577.0
202511,502,美国,8443,用品目8442的印刷用版（片）、滚筒及其他印刷部件进行印刷的机器；其他打印机、复印机及传真机，不论是否组合式；上述机器的零件及附件,72897602.0
202511,502,美国,8447,针织机、缝编机及制粗松螺旋花线、网眼薄纱、花边、刺绣品、装饰带、编织带或网的机器及簇绒机,2473858.0
202511,502,美国,8448,品目8444、8445、8446或8447所列机器的辅助机器（例如，多臂机、提花机、自停装置及换梭装置）；专用于或主要用于品目8444、8445、8446或8447所列机器的零件、附件（例如，锭子、锭壳、钢丝针布、梳、喷丝头、梭子、综丝、综框、针织机用针）,656997.0
202511,502,美国,8449,成匹、成形的毡呢或无纺织物制造或整理机器，包括制毡呢帽机器；帽模,24138.0
202511,502,美国,8450,家用型或洗衣房用洗衣机，包括洗涤干燥两用机,241341.0
202511,502,美国,8451,纱线、织物及纺织制品的洗涤、清洁、绞拧、干燥、熨烫、挤压（包括熔压）、漂白、染色、上浆、整理、涂布或浸渍机器（品目8450的机器除外）；列诺伦（亚麻油地毡）及类似铺地制品的布基或其他底布地浆料涂布机器；纺织物的卷绕、退绕、折叠、剪切或剪齿边机器,4818010.0
202511,502,美国,8452,缝纫机，但品目8440的锁线订书机除外；缝纫机专用的特制家具、底座及罩盖；缝纫机针,47677.0
202511,502,美国,8454,金属冶炼及铸造用的转炉、浇包、锭模及铸造机,94965352.0
202511,502,美国,8455,金属轧机及其轧辊,12426762.0
202511,502,美国,8456,用激光、其他光、光子束、超声波、放电、电化学法、电子束、离子束或等离子弧处理各种材料的加工机床；水射流切割机,6467408.0
202511,502,美国,8457,加工金属的加工中心、单工位组合机床及多工位组合机床,2398974.0
202511,502,美国,8458,切削金属的车床（包括车削中心）,448091.0
202511,502,美国,8459,切削金属的钻床、镗床、铣床、攻丝机床（包括直线移动式动力头机床），但品目8458的车床（包括车削中心）除外,420211.0
202511,502,美国,8460,用磨石、磨料或抛光材料对金属或金属陶瓷进行去毛刺、刃磨、磨削、珩磨、研磨、抛光或其他精加工的机床，但品目8461的切齿机、齿轮磨床或齿轮精加工机床除外,4905187.0
202511,502,美国,8461,切削金属或金属陶瓷的刨床、牛头刨床、插床、拉床、切齿机、齿轮磨床或齿轮精加工机床、锯末、切断机及未列名的切削机床,8874375.0
202511,502,美国,8462,加工金属的锻造、锻锤或模锻（但轧机除外）机床（包括压力机）；加工金属的弯曲、折叠、矫直、矫平、剪切、冲孔、开槽或步冲机床（包括压力机、纵剪线及定尺剪切线，但拉拔机除外）；其他加工金属或硬质合金的压力机,9829959.0
202511,502,美国,8463,金属或金属陶瓷的其他非切削加工机床,149448.0
202511,502,美国,8464,石料、陶瓷、混凝土、石棉水泥或类似矿物材料的加工机床、玻璃冷加工机床,1935288.0
202511,502,美国,8465,木材、软木、骨、硬质橡胶、硬质塑料或类似硬质材料的加工机床（包括用打钉或打U形钉、胶粘或其他方法组合前述材料的机器）,2197484.0
202511,502,美国,8466,专用于或主要用于品目84.56至84.65所列机器的零件、附件，包括工件或工具的夹具、自启板牙切头、分度头及其他专用于机器的附件；各种手提工具的工具夹具,12982301.0
202511,502,美国,8467,手提式风动或液压工具及本身有电动或非电动动力装置的手提式工具,18485593.0
202511,502,美国,8468,焊接机器及装置，不论是否兼有切割功能，但品目8515的货品除外；气体加温表面回火机器及装置,842735.0
202511,502,美国,8470,计算机器及具有计算功能的袖珍式数据记录、重现及显示机器；装有计算装置的会计计算机、邮资盖戳机、售票机及类似机器；现金出纳机,2287.0
202511,502,美国,8471,自动数据处理设备及其部件；其他品目未列名的磁性或光学阅读机、将数据以代码形式转录到数据记录媒体的机器及处理这些数据的机器,219232412.0
202511,502,美国,8472,其他办公室用机器（例如，胶版复印机、油印机、地址机写机、自动付钞机、硬币分类、计数及包装机、削铅笔机、打洞机或订书机）,539250.0
202511,502,美国,8473,专用于或主要用于品目84.70至84.72所列机器的零件、附件（罩套、提箱及类似品除外）,28411828.0
202511,502,美国,8474,泥土、石料、矿石或其他固体（包括粉状、浆状）矿物质的分类、筛选、分离、洗涤、破碎、磨粉、混合或搅拌机器；固体矿物燃料、陶瓷胚泥、未硬化水泥、石膏材料或其他粉状，浆状矿产品的粘聚或成型机器；铸造用砂模的成型机器,5073581.0
202511,502,美国,8475,白炽灯泡、灯管、放电灯管、电子管、闪光灯泡及类似品的封装机器；玻璃或玻璃制品的制造或热加工机器,1333583.0
202511,502,美国,8476,自动售货机（例如，出售邮票、香烟、食品或饮料的机器），包括钱币兑换机,38531.0
202511,502,美国,8477,本章其他品目未列名的橡胶或塑料及其产品的加工机器,16029050.0
202511,502,美国,8479,本章其他品目未列名的具有独立功能的机器及机械器具,198350398.0
202511,502,美国,8480,金属铸造用型箱；型模底板；阳模；金属用型模（锭模除外）、硬质合金、玻璃、矿物材料、橡胶或塑料用型模,8820708.0
202511,502,美国,8481,用于管道、锅炉、罐、桶或类似品的龙头、旋塞、阀门及类似装置，包括减压阀及恒温控制阀,705450952.0
202511,502,美国,8482,滚动轴承,120157549.0
202511,502,美国,8483,传动轴（包括凸轮轴及曲柄轴）及曲柄；轴承座及滑动轴承；齿轮及齿轮传动装置；滚珠或滚子螺杆传动装置；齿轮箱及其他变速装置，包括扭矩变换器；飞轮及滑轮，包括滑轮组；离合器及连轴器（包括万向节）,345457444.0
202511,502,美国,8484,密封垫或类似接合衬垫，用金属片与其他材料制成或用双层或多层金属片制成；成套或各种不用材料的密封垫或类似接合衬垫，装于袋、套或类似包装内；机械密封件,147397496.0
202511,502,美国,8485,增材制造设备,4731566.0
202511,502,美国,8486,专用于或主要用于制造半导体单晶柱或晶圆、半导体器件、集成电路或平板显示器的机器及装置；本章注释11（3）规定的机器及装置；零件及附件,980252377.0
202511,502,美国,8487,本章其他品目未列名的机器零件，不具有电气接插件、绝缘体、线圈、触点或其他电气器材特征的,20992908.0
202511,502,美国,8501,电动机及发电机（不包括发电机组）,195560545.0
202511,502,美国,8502,发电机组及旋转式变流机,18937273.0
202511,502,美国,8503,专用于或主要用于品目8501或8502所列机器的零件,20546536.0
202511,502,美国,8504,变压器、静止式变流器（例如整流器）及电感器,264351538.0
202511,502,美国,8505,电磁铁；永磁铁及磁化后准备制永磁铁的物品；电磁铁或永磁铁卡盘、夹具及类似的工具夹具；电磁联轴节、离合器及制动器；电磁起重吸盘,13923993.0
202511,502,美国,8506,原电池及原电池组,2236101.0
202511,502,美国,8507,蓄电池，包括隔板，不论是否矩形（包括正方形）,32955526.0
202511,502,美国,8508,真空吸尘器,355308.0
202511,502,美国,8509,家用电动器具，品目8508的真空吸尘器除外,2251665.0
202511,502,美国,8510,电动剃须刀、电动毛发推剪及电动脱毛器,333699.0
202511,502,美国,8511,点燃式或压燃式内燃发动机用的电点火及电启动装置（例如，点火磁电机、永磁直流发电机、点火线圈、火花塞、电热塞及启动电机）；附属于上述内燃发动机的发电机（例如，直流发电机、交流发电机）及断流器,95039223.0
202511,502,美国,8512,自行车或机动车辆用的电气照明或信号装置（品目8539的物品除外）、电动风挡刮水器、除霜器及去雾器,7578315.0
202511,502,美国,8513,"自供能源(例如,使用干电池、蓄电池、永磁发电机)的手提式电灯，但品目85.12的照明装置除外",463936.0
202511,502,美国,8514,工业或实验室用电炉及电烘箱（包括通过感应或介质损耗工作的）；工业或实验室用其他通过感应或介质损耗对材料进行热处理的设备,26448713.0
202511,502,美国,8515,电气（包括电热气体）、激光、其他光、光子束、超声波、电子束、磁脉冲或等离子弧焊接机器及装置，不论是否兼有切割功能；用于热喷金属或金属陶瓷的电气机器及装置,14178083.0
202511,502,美国,8516,电热的快速热水器、储存式热水器、浸入式液体加热器；电气空间加热器及土壤加热器；电热的理发器具（例如，电吹风机、电卷发机、电热发钳）及干手器；电熨斗；其他家用电热器具；加热电阻器，但品目8545的货品除外,41305839.0
202511,502,美国,8517,电话机，包括用于蜂窝网络或其他无线网络的智能手机及其他电话机；其他发送或接收声音、图像或其他数据用的设备，包括有线或无线网络（例如，局域网或广域网）的通信设备，品目8443、8525、8527或8528的发送或接收设备除外,99931026.0
202511,502,美国,8518,传声器（麦克风）及其座架；扬声器，不论是否装成音箱；耳机、耳塞，不论是否装有传声器，用传声器及一个或多个扬声器组成的组合机；音频扩大器；电器扩音机组,30482648.0
202511,502,美国,8519,声音录制或重放设备,583939.0
202511,502,美国,8521,视频信号录制或重放设备，不论是否装有高频调节器,2276320.0
202511,502,美国,8522,专用于或主要用于品目8519或8521所列设备的零件、附件,1527.0
202511,502,美国,8523,录制声音或其他信息用的圆盘、磁带、固态非易失性数据存储器件、“智能卡”及其他媒体，不论是否已录制，包括供复制圆盘用的母片及母带，但不包括第37章的产品,143197031.0
202511,502,美国,8524,平板显示模组，不论是否装有触摸屏,90089995.0
202511,502,美国,8525,无线电广播、电视发送设备，不论是否装有接收装置或声音的录制、重放装置；电视摄像机、数字照相机及视频摄录一体机,35807496.0
202511,502,美国,8526,雷达设备、无线电导航设备及无线电遥控设备,87036322.0
202511,502,美国,8527,无线电广播接收设备，不论是否与声音的录制、重放装置或时钟组合在同一机壳内,19439.0
202511,502,美国,8528,监视器及投影机，未装电视接收装置；电视接收装置，不论是否装有无线电收音装置或声音、图像的录制或重放装置,36026229.0
202511,502,美国,8529,专用于或主要用于品目8524至8528所列装置或设备的零件,47248683.0
202511,502,美国,8530,铁道、电车道、道路或内河航道、停车场、港口或机场用的电气信号、安全或交通管理设备（品目8608的货品除外）,2369061.0
202511,502,美国,8531,电气音响或视觉信号装置（例如，电铃、电笛、显示板、防盗或防火报警器），但品目8512或8530的货品除外,27737923.0
202511,502,美国,8532,固定、可变或可调（微调）电容器,24539694.0
202511,502,美国,8533,电阻器（包括变阻器及电位器），但加热电阻器除外,52459379.0
202511,502,美国,8534,印刷电路,9229354.0
202511,502,美国,8535,电路开关、保护或连接用的电气装置（例如，开关、熔断器、避雷器、电压限幅器、电涌抑制器、插头及其他连接器、接线盒），用于电压＞1000V的线路,7520829.0
202511,502,美国,8536,电路开关、保护或连接用的电气装置（例如，开关、继电器、熔断器、电涌抑制器、插头、插座、灯座及其他连接器、接线盒），用于电压≤1000V的线路；光导纤维、光导纤维束或光缆用连接器,340330748.0
202511,502,美国,8537,用于电气控制或电力分配的盘、板、台、柜及其他基座，装有两个或多个品目8535或8536所列的装置，包括装有第90章所列仪器或装置，以及数控装置，但品目8517的交换机除外,242587949.0
202511,502,美国,8538,专用于或主要用于品目8535、8536或8537所列装置的零件,120855505.0
202511,502,美国,8539,白炽灯泡、放电灯管，包括封闭式聚光灯及紫外线灯管或红外线灯泡；弧光灯；发光二极管（LED）光源,20090064.0
202511,502,美国,8540,热电子管、冷阴极管或光阴极管（例如，真空管或充气管、汞弧整流管、阴极射线管、电视摄像管）,7758484.0
202511,502,美国,8541,半导体器件（例如，二极管、晶体管，半导体基换能器）；光敏半导体器件，包括不论是否装在组件内或组装成块的光电池；发光二极管（LED），不论是否与其他发光二极管（LED）组装；已装配的压电晶体,601183465.0
202511,502,美国,8542,集成电路,22075698189.0
202511,502,美国,8543,本章其他品目未列名的具有独立功能的电气设备及装置,215044804.0
202511,502,美国,8544,绝缘(包括漆包或阳极化处理)电线、电缆(包括同轴电缆)及其他绝缘电导体，不论是否有接头;由多根具有独立保护套的光纤组成的光缆，不论是否与电导体装配或装有接头,299473211.0
202511,502,美国,8545,碳电极、碳刷、灯碳棒、电池碳棒及电气设备用的其他石墨或碳精制品，不论是否带金属,4010605.0
202511,502,美国,8546,各种材料制的绝缘子,921471.0
202511,502,美国,8547,电气机器、器具或设备用的绝缘配件，除了为装配需要而在模制时装入的小金属零件（例如螺纹孔）以外，全部用绝缘材料制成，但品目8546的绝缘子除外；内衬绝缘材料的贱金属制线路导管及其接头,14374318.0
202511,502,美国,8548,机器或设备的本章其他品目未列名的电气零件,6710651.0
202511,502,美国,8607,铁道或电车道用的机车或其他车辆的零件,17994868.0
202511,502,美国,8609,集装箱（包括运输液体的集装箱），经特殊设计、装备是用于各种运输方式,2866155.0
202511,502,美国,8703,主要用于载人的机动车辆（品目8702的货品除外），包括旅行小客车及赛车,610744497.0
202511,502,美国,8704,货运机动车辆,31485071.0
202511,502,美国,8708,机动车的零件、附件，品目8701至8705所列车辆用,391932081.0
202511,502,美国,8709,短距离运输货物的机动车辆，为装有提升或搬运设备，用于工厂、仓库、码头或机场；火车站台上用的牵引车；上述车辆的零件,450511.0
202511,502,美国,8712,自行车等非机动脚踏车（包括运货三轮车）,41858.0
202511,502,美国,8713,残疾人用车，不论是否机动或其他机械驱动,294266.0
202511,502,美国,8714,零件、附件，品目8711至8713所列车辆用,3751434.0
202511,502,美国,8715,婴孩车及其零件,221.0
202511,502,美国,8716,挂车及半挂车或其他非机械驱动车辆及其零件,7255180.0
202511,502,美国,8802,其他航空器(例如，直升机、飞机)，品目88.06的无人驾驶航空器除外；航天器(包括卫星)及运载工具，亚轨道运载工具,2765637677.0
202511,502,美国,8804,降落伞（包括可操纵降落伞及滑翔降落伞）、旋翼降落伞及其零件、附件,316523.0
202511,502,美国,8805,航空器的发射装置、甲板停机装置或类似装置和地面飞行训练器及其零件,1600795.0
202511,502,美国,8807,品目88.01、88.02或88.06所列货品的零件,459132133.0
202511,502,美国,8907,其他浮动结构体（例如，筏、柜、潜水箱、浮码头、浮筒及航标）,529220.0
202511,502,美国,9001,光导纤维及光导纤维束；光缆，但品目8544的货品除外；偏振材料制的片及板；未装配的各种材料制透镜（包括隐形眼镜片）、棱镜、反射镜及其他光学元件，但未经光学加工的玻璃制上述元件除外,244118947.0
202511,502,美国,9002,已装配的各种材料制透镜、棱镜、反射镜及其他光学元件，作为仪器或装置的零件、附件，但未经光学加工的玻璃制上述元件除外,50261569.0
202511,502,美国,9003,眼镜架及其零件,493839.0
202511,502,美国,9004,矫正视力、保护眼睛或其他用途的眼镜、挡风镜及类似品,32525753.0
202511,502,美国,9005,双筒望远镜、单筒望远镜、其他光学望远镜及其座架；其他天文仪器及其座架，但不包括射电天文仪器,78159.0
202511,502,美国,9006,照相机（电影摄影机除外）；照相闪光灯装置及闪光灯泡，但品目8539的放电灯泡除外,725636.0
202511,502,美国,9007,电影摄影机、放映机，不论是否带有声音的录制或重放装置,777118.0
202511,502,美国,9010,本章其他品目未列名的照相（包括电影）洗印用装置及设备；负片显示器；银幕及其他投影屏幕,37601.0
202511,502,美国,9011,复式光学显微镜，包括用于显微照相、显微电影摄影及显微投影的,9363540.0
202511,502,美国,9012,显微镜，但光学显微镜除外；衍射设备,21567839.0
202511,502,美国,9013,激光器、但激光二极管除外；本章其他品目未列名的光学仪器及器具,134576688.0
202511,502,美国,9014,定向罗盘；其他导航仪器及装置,192849161.0
202511,502,美国,9015,大地测量（包括摄影测量）、水道测量、海洋、水文、气象或地球地理用仪器及装置，不包括罗盘；测距仪,53617793.0
202511,502,美国,9016,感量≤50毫克的天平，不论是否带有砝码,50161.0
202511,502,美国,9017,绘图、画线或数学计算仪器及器具（例如，绘图机、比例缩放仪、分度规、绘图工具、计算尺及盘式计算器）；本章其他品目未列名的手用测量长度的器具（例如，量尺、量带、千分尺及卡尺）,2528056.0
202511,502,美国,9018,医疗、外科、牙科或兽医用仪器及器具，包括闪烁扫描装置、其他电气医疗装置及视力检查仪器,1250900235.0
202511,502,美国,9019,机械疗法器具；按摩器具；心理功能测验装置；臭氧治疗器；氧气治疗器、喷雾治疗器、人工呼吸器及其他治疗用呼吸器具,1292892.0
202511,502,美国,9020,其他呼吸器具及防毒面具，但不包括既无机械零件又无可互换过滤器的防护面具,20392056.0
202511,502,美国,9021,矫形器具，包括支具、外科手术带、氙气带；甲板及其他骨拆用具；人造的人体部分；助听器及为弥补生理缺陷或残疾而穿戴、携带或植入人体内的其他器具,407578679.0
202511,502,美国,9022,X射线或α射线、β射线、γ射线或其他离子射线的应用设备，不论是否用于医疗、外科、牙科或兽医，包括射线照相及射线治疗设备，X射线管及其他X射线发生器、高压发生器、控制板及控制台、荧光屏、检查或治疗用的桌、椅及类似品,404339513.0
202511,502,美国,9023,专供示范（例如，教学或展览）而无其他用途的仪器、装置及模型,4639825.0
202511,502,美国,9024,各种材料（例如，金属、木材、纺织材料、纸张、塑料）的硬度、强度、压缩性、弹性或其他机械性能的试验机器及器具,24478913.0
202511,502,美国,9025,记录式或非纪录式的液体比重计及类似的浮子式仪器、温度计、高温计、气压计、湿度计、干湿球温度计及其组合装置,95311375.0
202511,502,美国,9026,液体或气体的流量、液位、压力或其他变化量的测量或检验仪器及装置（例如，流量计、液位计、压力表、热量计），但不包括品目9014、9015、9028或9032的仪器及装置,211724968.0
202511,502,美国,9027,理化分析仪器及装置（例如，偏振仪、折光仪、分光仪、气体或烟雾分析仪）；测量或检验粘性、多孔性、膨胀性、表面张力及类似性能的仪器及装置；测量或检验热量、声量或光量的仪器及装置（包括曝光表）；检镜切片机,698594823.0
202511,502,美国,9028,生产或供应气体、液体及电力用的计量仪表，包括它们的校准仪表,711731.0
202511,502,美国,9029,转数计、产量计数器、车费计、里程计、步数计及类似仪表；速度计及转速表，品目9014及9015的仪表除外；频闪观测仪,7882823.0
202511,502,美国,9030,示波器、频谱分析仪及其他用于电量测量或检验的仪器和装置，但不包括品目9028的各种仪表；α射线、β射线、γ射线、X射线、宇宙射线或其他粒子射线的测量或检验仪器及装置,205145163.0
202511,502,美国,9031,本章其他品目未列名的测量或检验仪器、器具及机器；轮廓投影仪,1137562905.0
202511,502,美国,9032,自动调节或控制仪器及装置,376996179.0
202511,502,美国,9033,第90章所列机器、器具、仪器或装置用的本章其他品目未列名的零件、附件,3364230.0
202511,502,美国,9101,手表、怀表及其他表，包括秒表，表壳用贵金属或包贵金属制成,305977.0
202511,502,美国,9102,手表、怀表及其他表，包括秒表，但品目9101的货品除外,1294978.0
202511,502,美国,9104,仪表板钟及车辆、航空器、航天器或船舶用的类似钟,222199.0
202511,502,美国,9105,其他钟,15583.0
202511,502,美国,9106,时间记录器以及测量、记录或指示时间间隔的装置，装有钟、表机芯或同步电动机的（例如，考勤钟、时刻记录器）,268536.0
202511,502,美国,9107,装有钟、表机芯或同步电动机的定时开关,16204.0
202511,502,美国,9108,已组装的完整表芯,58.0
202511,502,美国,9111,表壳及其零件,348.0
202511,502,美国,9113,表带及其零件,11387.0
202511,502,美国,9114,钟、表的其他零件,2001.0
202511,502,美国,9201,钢琴，包括自动钢琴；拨弦古钢琴及其他键盘弦乐器,737200.0
202511,502,美国,9202,其他弦乐器（例如，吉他、小提琴、竖琴）,4031197.0
202511,502,美国,9205,管乐器，但游艺场风琴及手摇风琴除外,357992.0
202511,502,美国,9206,打击乐器（例如，鼓、木琴、铙、钹、响板、响葫芦）,563291.0
202511,502,美国,9207,通过电产生或扩大声音的乐器（例如，电风琴、电吉他、电手风琴）,4792954.0
202511,502,美国,9208,百音盒、游艺场风琴、手摇风琴、机械鸣禽、乐锯及本章其他品目未列名的其他乐器；各种媒诱音响器、哨子、号角、口吹音响信号器,660.0
202511,502,美国,9209,乐器的零件（例如，百音盒的机械装置）、附件（例如，机械乐器用的卡片、盘及带卷）；节拍器、音叉及各种定音管,9420732.0
202511,502,美国,9305,品目9301至9304所列物品的零件、附件,248.0
202511,502,美国,9307,剑、短弯刀、刺刀、长矛和类似的武器及其零件；刀鞘、剑鞘,66150.0
202511,502,美国,9401,坐具（包括能作床用的两用椅，但品目9402的货品除外）及其零件,37994310.0
202511,502,美国,9402,医疗、外科、牙科或兽医用家具（例如，手术台、检查台、带机械装置的病床、牙科用椅）；有旋转、倾斜、升降装置的理发用椅及类似椅；上述物品的零件,11373485.0
202511,502,美国,9403,其他家具及其零件,3786755.0
202511,502,美国,9404,弹簧床垫；寝具及类似用品，装有弹簧、内部用任何材料填充、衬垫或用海绵橡胶、泡沫塑料制成，不论是否包面（例如，褥垫、被子、羽绒被、靠垫、坐垫及枕头）,5456474.0
202511,502,美国,9405,"其他品目未列名的灯具及照明装置,包括探照灯、聚光灯及其零件;装有固定光源的发光标志、发光铭牌及类似品，以及其他处未列名的这些货品的零件",25993661.0
202511,502,美国,9406,活动房屋,17172.0
202511,502,美国,9503,三轮车、踏板车、踏板汽车及类似的带轮玩具；玩偶车；玩偶；其他玩具；缩小（按比例缩小）的模型及类似的娱乐用模型，不论是否活动；各种智力玩具,415344.0
202511,502,美国,9504,视频游戏控制器及设备，桌上或室内游戏，包括弹球机、台球、娱乐专用桌及保龄球自动球道设备，用硬币、钞票、银行卡、代币或任何其他支付方式使其工作的游乐机器,5742439.0
202511,502,美国,9505,节日（包括狂欢节）用品或其他娱乐用品，包括魔术道具及嬉戏品,8083777.0
202511,502,美国,9506,一般的体育活动、体操、竞技及其他运动（包括乒乓球运动）或户外游戏用本章其他品目未列名的用品及设备；游泳池或戏水池,21405432.0
202511,502,美国,9507,钓鱼竿、钓鱼钩及其他钓鱼用品；捞鱼网、捕蝶网及类似网；?子“鸟”（品目9208或9705的货品除外）以及类似的狩猎用品,2932513.0
202511,502,美国,9508,流动马戏团及流动动物园；游乐场乘骑游乐设施和水上乐园娱乐设备；游乐场娱乐设备，包括射击用靶；流动剧团,4726459.0
202511,502,美国,9602,已加工的植物质或矿物质雕刻材料及其制品；蜡、硬脂、天然树胶、天然树脂或塑型膏制成的模塑或雕刻制品以及其他品目未列名的模塑或雕刻制品；已加工的未硬化明胶（品目3503的明胶除外）及未硬化明胶制品,214259.0
202511,502,美国,9603,帚、刷（包括作为机器、器具、车辆零件的刷）、非机动的手工操作地板清扫器、拖把及毛掸；供制帚、刷用的成束或成簇的材料；油漆块垫及滚筒；橡皮扫帚（橡皮辊除外）,4769670.0
202511,502,美国,9604,手用粗筛、细筛,2559.0
202511,502,美国,9605,个人梳妆、缝纫或清洁鞋靴、衣服用的成套旅行用具,729.0
202511,502,美国,9606,钮扣、揿扣、钮扣芯及钮扣和揿扣的其他零件；钮扣坯,143809.0
202511,502,美国,9607,拉链及其零件,530204.0
202511,502,美国,9608,圆珠笔；毡尖及其他渗水式笔尖笔及唛头笔；自来水笔、铁笔型自来水笔及其他钢笔；蜡纸铁笔；活动铅笔；钢笔杆、铅笔杆及类似的笔杆；上述物品的零件（包括帽、夹），但品目9609的货品除外,1500039.0
202511,502,美国,9609,铅笔（品目9608的铅笔除外）、颜色铅笔、铅笔芯、蜡笔、图画碳笔、书写或绘画用粉笔及裁缝划粉,54997.0
202511,502,美国,9610,具有书写或绘画面的石板、黑板及类似板，不论是否镶框,1184.0
202511,502,美国,9611,手用日期戳、封缄戳、品目戳、品目戳及类似印戳（包括标签压印器）；手工操作的排字盘及带有排字盘的手印器,10878.0
202511,502,美国,9612,打字机色带或类似色带，以上油或经其他方法处理能着色的，不论是否装釉或装盒；印台，不论是否已加印油或带盒子,1237361.0
202511,502,美国,9613,香烟打火机和其他打火器（不论是机械的，还是电气的）及其零件，但打火石及打火机芯除外,49017128.0
202511,502,美国,9614,烟斗（包括烟斗头）和烟嘴及其零件,861541.0
202511,502,美国,9615,梳子、发夹及类似品；发卡、卷发夹、卷发器或类似品及其零件，但品目8516的货品除外,1057089.0
202511,502,美国,9616,香水喷雾器或类似的化妆用喷雾器及其座架、喷头；粉扑及粉拍，施敷脂粉或化妆品用,114690.0
202511,502,美国,9617,保温瓶和其他真空容器及其零件，但玻璃瓶胆除外,162806.0
202511,502,美国,9618,裁缝用人体模型及其他人体活动模型；橱窗装饰用自动模型及其他活动陈列室,7373.0
202511,502,美国,9619,任何材料制的卫生巾（护垫）及卫生棉条、尿布及尿布衬里和类似品,2868952.0
202511,502,美国,9620,独脚架、双脚架、三脚架及类似品,144573.0
202511,502,美国,9701,油画、粉画及其他手绘画，但带有手工绘制及手工描饰的制品或品目4906的图纸除外；拼贴画、镶嵌画及类似装饰板,17348166.0
202511,502,美国,9702,雕版画、印制画、石印画的原本,398786.0
202511,502,美国,9703,各种材料制的雕塑品原件,12285958.0
202511,502,美国,9704,使用过或未使用过的邮票、印花税票、邮戳印记、首日封、邮政信笺（印有邮票的纸品）及类似品，但品目4907的货品除外,8944.0
202511,502,美国,9705,具有考古学、人种学、历史学、动物学、植物学、矿物学、解剖学、古生物学或钱币学意义的收集品及珍藏品,334038.0
202511,502,美国,9706,超过100年的古物,378926.0
202511,502,美国,9804,低值简易通关商品,1521359.0
202511,502,美国,9805,个人跨境电商商品,261534455.0
